BBG Code,Ticker,MAIN UN
UAL UQ,UAL,UQ
CSX UQ,CSX,UQ
NFLX UQ,NFLX,UQ
ASML UQ,ASML,UQ
ERIC UQ,ERIC,UQ
ISRG UQ,ISRG,UQ
CDNS UQ,CDNS,UQ
BIIB UQ,BIIB,UQ
MLCO UQ,MLCO,UQ
TXN UQ,TXN,UQ
ALXN UQ,ALXN,UQ
EBAY UQ,EBAY,UQ
LRCX UQ,LRCX,UQ
NDAQ UQ,NDAQ,UQ
PYPL UQ,PYPL,UQ
TSLA UQ,TSLA,UQ
VRTX UQ,VRTX,UQ
MSFT UQ,MSFT,UQ
ALGN UQ,ALGN,UQ
AMZN UQ,AMZN,UQ
CMCSA UQ,CMCSA,UQ
FSLR UQ,FSLR,UQ
GILD UQ,GILD,UQ
ILMN UQ,ILMN,UQ
INTC UQ,INTC,UQ
TMUS UQ,TMUS,UQ
GT UQ,GT,UQ
CHKP UQ,CHKP,UQ
GOOG UQ,GOOG,UQ
GOOGL UQ,GOOGL,UQ
WBA UQ,WBA,UQ
AMD UQ,AMD,UQ
AMGN UQ,AMGN,UQ
BIDU UQ,BIDU,UQ
CHRW UQ,CHRW,UQ
EA UQ,EA,UQ
INCY UQ,INCY,UQ
AAPL UQ,AAPL,UQ
APA UQ,APA,UQ
CME UQ,CME,UQ
CRTO UQ,CRTO,UQ
CTSH UQ,CTSH,UQ
EQIX UQ,EQIX,UQ
META UQ,META,UQ
MAT UQ,MAT,UQ
MDLZ UQ,MDLZ,UQ
SBUX UQ,SBUX,UQ
SFM UQ,SFM,UQ
WYNN UQ,WYNN,UQ
CREE UQ,CREE,UQ
EXC UQ,EXC,UQ
JOBS UQ,JOBS,UQ
KHC UQ,KHC,UQ
STX UQ,STX,UQ
CSIQ UQ,CSIQ,UQ
VOD UQ,VOD,UQ
CSCO UQ,CSCO,UQ
AMAT UQ,AMAT,UQ
JD UQ,JD,UQ
NVDA UQ,NVDA,UQ
ADI UQ,ADI,UQ
PDD UQ,PDD,UQ
SPLK UQ,SPLK,UQ
MAR UQ,MAR,UQ
ENDP UQ,ENDP,UQ
FOSL UQ,FOSL,UQ
GLNG UQ,GLNG,UQ
REGN UQ,REGN,UQ
EXPE UQ,EXPE,UQ
FOXA UQ,FOXA,UQ
NTES UQ,NTES,UQ
QCOM UQ,QCOM,UQ
TRIP UQ,TRIP,UQ
ATVI UQ,ATVI,UQ
BKNG UQ,BKNG,UQ
GPRO UQ,GPRO,UQ
SWKS UQ,SWKS,UQ
LI UQ,LI,UQ
ADBE UQ,ADBE,UQ
COST UQ,COST,UQ
MU UQ,MU,UQ
CONN UQ,CONN,UQ
WDAY UQ,WDAY,UQ
TCOM UQ,TCOM,UQ
AVGO UQ,AVGO,UQ
MRVL UQ,MRVL,UQ
ULTA UQ,ULTA,UQ
PEP UQ,PEP,UQ
CHTR UQ,CHTR,UQ
RYAAY UQ,RYAAY,UQ
XLNX UQ,XLNX,UQ
IRBT UQ,IRBT,UQ
BYND UQ,BYND,UQ
IQ UQ,IQ,UQ
ZM UQ,ZM,UQ
LULU UQ,LULU,UQ
DOCU UQ,DOCU,UQ
OKTA UQ,OKTA,UQ
ZS UQ,ZS,UQ
BNTX UQ,BNTX,UQ
INO UQ,INO,UQ
DXCM UQ,DXCM,UQ
PTON UQ,PTON,UQ
LYFT UQ,LYFT,UQ
SNPS UQ,SNPS,UQ
MRNA UQ,MRNA,UQ
CRWD UQ,CRWD,UQ
MELI UQ,MELI,UQ
KLAC UQ,KLAC,UQ
BILI UQ,BILI,UQ
REAL UQ,REAL,UQ
DLTR UQ,DLTR,UQ
ROKU UQ,ROKU,UQ
SEDG UQ,SEDG,UQ
TLRY UQ,TLRY,UQ
NXPI UQ,NXPI,UQ
AEP UQ,AEP,UQ
AAL UQ,AAL,UQ
TRUE UQ,TRUE,UQ
SATS UQ,SATS,UQ
CD UQ,CD,UQ
GLPG UQ,GLPG,UQ
AZN UQ,AZN,UQ
TSCO UQ,TSCO,UQ
CAC UQ,CAC,UQ
SCR UQ,SCR,UQ
ADP UQ,ADP,UQ
ARGX UQ,ARGX,UQ
OPEN UQ,OPEN,UQ
AVIR UQ,AVIR,UQ
DIGI UV,DIGI,UV
ROSN UV,ROSN,UV
EXCL UV,EXCL,UV
INTP UV,INTP,UV
ISAT UV,ISAT,UV
BAYN UV,BAYN,UV
LEAS UV,LEAS,UV
INTO UV,INTO,UV
PLUG UR,PLUG,UR
MTC UR,MTC,UR
ENG UR,ENG,UR
NOVN UR,NOVN,UR
RAND UR,RAND,UR
ICAD UR,ICAD,UR
ABIO UR,ABIO,UR
KIN UR,KIN,UR
AAXJ UQ,AAXJ,UQ
ACWI UQ,ACWI,UQ
DVY UQ,DVY,UQ
EEMA UQ,EEMA,UQ
EMB UQ,EMB,UQ
EUFN UQ,EUFN,UQ
IBB UQ,IBB,UQ
IEF UQ,IEF,UQ
IEI UQ,IEI,UQ
MCHI UQ,MCHI,UQ
QQQ UQ,QQQ,UQ
SHY UQ,SHY,UQ
SLQD UQ,SLQD,UQ
SMH UQ,SMH,UQ
TLT UQ,TLT,UQ
VCSH UQ,VCSH,UQ
VONE UQ,VONE,UQ
VTHR UQ,VTHR,UQ
VTWO UQ,VTWO,UQ
CRSP UQ,CRSP,UQ
SOXX UQ,SOXX,UQ
ENPH UQ,ENPH,UQ
TELA UQ,TELA,UQ
QH UQ,QH,UQ
LAND UQ,LAND,UQ
FCA UQ,FCA,UQ
BSDE UQ,BSDE,UQ
UG UQ,UG,UQ
TLS UQ,TLS,UQ
QCLN UQ,QCLN,UQ
AGG UP,AGG,UP
ASHR UP,ASHR,UP
CGW UP,CGW,UP
DBJP UP,DBJP,UP
DVYE UP,DVYE,UP
EEM UP,EEM,UP
EIDO UP,EIDO,UP
EWA UP,EWA,UP
EWC UP,EWC,UP
EWG UP,EWG,UP
EWJ UP,EWJ,UP
EWM UP,EWM,UP
EWP UP,EWP,UP
EWS UP,EWS,UP
EWT UP,EWT,UP
EWW UP,EWW,UP
EWZ UP,EWZ,UP
FEZ UP,FEZ,UP
FXI UP,FXI,UP
GDX UP,GDX,UP
GDXJ UP,GDXJ,UP
GLD UP,GLD,UP
HEWJ UP,HEWJ,UP
HYG UP,HYG,UP
IEMG UP,IEMG,UP
IJH UP,IJH,UP
IJR UP,IJR,UP
IOO UP,IOO,UP
IVV UP,IVV,UP
IWM UP,IWM,UP
IWV UP,IWV,UP
KBE UP,KBE,UP
LQD UP,LQD,UP
MDY UP,MDY,UP
OIH UP,OIH,UP
RWO UP,RWO,UP
SLV UP,SLV,UP
SPIB UP,SPIB,UP
SPTL UP,SPTL,UP
SPY UP,SPY,UP
TIP UP,TIP,UP
URTH UP,URTH,UP
VIOO UP,VIOO,UP
VNQ UP,VNQ,UP
VOO UP,VOO,UP
VYM UP,VYM,UP
XBI UP,XBI,UP
XLE UP,XLE,UP
XLF UP,XLF,UP
XLK UP,XLK,UP
XLU UP,XLU,UP
XLV UP,XLV,UP
XME UP,XME,UP
XOP UP,XOP,UP
DIA UP,DIA,UP
KRE UP,KRE,UP
ARKK UP,ARKK,UP
IHI UP,IHI,UP
SCC UP,SCC,UP
MINT UP,MINT,UP
VIS UP,VIS,UP
DBS UP,DBS,UP
CRBN UP,CRBN,UP
SPSB UP,SPSB,UP
HART UP,HART,UP
CORP UP,CORP,UP
HYLD UP,HYLD,UP
IDNA UP,IDNA,UP
QDIV UP,QDIV,UP
ROBO UP,ROBO,UP
EZJ UP,EZJ,UP
IG UP,IG,UP
INCO UP,INCO,UP
INDF UP,INDF,UP
GBF UP,GBF,UP
INFL UP,INFL,UP
JPN UP,JPN,UP
TFI UP,TFI,UP
RXL UP,RXL,UP
SCHP UP,SCHP,UP
BAR UP,BAR,UP
UMI UP,UMI,UP
COMB UP,COMB,UP
PBW UP,PBW,UP
BLOK UP,BLOK,UP
BDO UO,BDO,UO
XPEV UN,XPEV,UN
SRG UN,SRG,UN
INFY UN,INFY,UN
C UN,C,UN
DAL UN,DAL,UN
JPM UN,JPM,UN
UNH UN,UNH,UN
BAC UN,BAC,UN
BK UN,BK,UN
BLK UN,BLK,UN
GS UN,GS,UN
KMI UN,KMI,UN
SCHW UN,SCHW,UN
USB UN,USB,UN
AA UN,AA,UN
STZ UN,STZ,UN
IBM UN,IBM,UN
JNJ UN,JNJ,UN
WFC UN,WFC,UN
ABT UN,ABT,UN
LEN UN,LEN,UN
HON UN,HON,UN
MS UN,MS,UN
PM UN,PM,UN
TSM UN,TSM,UN
UNP UN,UNP,UN
AXP UN,AXP,UN
KO UN,KO,UN
KSU UN,KSU,UN
MAN UN,MAN,UN
SLB UN,SLB,UN
STT UN,STT,UN
SYF UN,SYF,UN
HAL UN,HAL,UN
EDU UN,EDU,UN
EQR UN,EQR,UN
KMB UN,KMB,UN
LMT UN,LMT,UN
MCD UN,MCD,UN
NUE UN,NUE,UN
PG UN,PG,UN
SKX UN,SKX,UN
SNAP UN,SNAP,UN
TRV UN,TRV,UN
UPS UN,UPS,UN
ANTM UN,ANTM,UN
APH UN,APH,UN
BA UN,BA,UN
BSX UN,BSX,UN
BX UN,BX,UN
CAT UN,CAT,UN
CLF UN,CLF,UN
CMG UN,CMG,UN
EW UN,EW,UN
FCX UN,FCX,UN
HLT UN,HLT,UN
HRI UN,HRI,UN
IVZ UN,IVZ,UN
LLY UN,LLY,UN
LVS UN,LVS,UN
NSC UN,NSC,UN
TMO UN,TMO,UN
WM UN,WM,UN
BAX UN,BAX,UN
CX UN,CX,UN
DHR UN,DHR,UN
DOW UN,DOW,UN
F UN,F,UN
JNPR UN,JNPR,UN
LUV UN,LUV,UN
MMM UN,MMM,UN
NOC UN,NOC,UN
NOK UN,NOK,UN
PAC UN,PAC,UN
PBR UN,PBR,UN
PCG UN,PCG,UN
SWN UN,SWN,UN
TAL UN,TAL,UN
TV UN,TV,UN
TWTR UN,TWTR,UN
V UN,V,UN
VALE UN,VALE,UN
VLO UN,VLO,UN
ABEV UN,ABEV,UN
BCS UN,BCS,UN
COF UN,COF,UN
ITW UN,ITW,UN
KOF UN,KOF,UN
PSX UN,PSX,UN
VFC UN,VFC,UN
VZ UN,VZ,UN
IBN UN,IBN,UN
FMX UN,FMX,UN
HSBC UN,HSBC,UN
NOV UN,NOV,UN
SPOT UN,SPOT,UN
T UN,T,UN
VNO UN,VNO,UN
WELL UN,WELL,UN
BP UN,BP,UN
COP UN,COP,UN
ETN UN,ETN,UN
GLW UN,GLW,UN
GM UN,GM,UN
GNW UN,GNW,UN
HLF UN,HLF,UN
K UN,K,UN
MA UN,MA,UN
MRK UN,MRK,UN
PFE UN,PFE,UN
PSA UN,PSA,UN
SLCA UN,SLCA,UN
SYK UN,SYK,UN
TPR UN,TPR,UN
VMC UN,VMC,UN
HCA UN,HCA,UN
ALL UN,ALL,UN
BABA UN,BABA,UN
BKR UN,BKR,UN
CF UN,CF,UN
DDD UN,DDD,UN
ETR UN,ETR,UN
GE UN,GE,UN
H UN,H,UN
HES UN,HES,UN
MCK UN,MCK,UN
MET UN,MET,UN
MGM UN,MGM,UN
RSG UN,RSG,UN
SO UN,SO,UN
SPG UN,SPG,UN
TOT UN,TOT,UN
X UN,X,UN
YUM UN,YUM,UN
YUMC UN,YUMC,UN
ADM UN,ADM,UN
AIG UN,AIG,UN
AMT UN,AMT,UN
BBD UN,BBD,UN
BMY UN,BMY,UN
BWA UN,BWA,UN
CI UN,CI,UN
DD UN,DD,UN
EL UN,EL,UN
FLR UN,FLR,UN
ICE UN,ICE,UN
MO UN,MO,UN
MUR UN,MUR,UN
RDS/A UN,RDS/A,UN
XYL UN,XYL,UN
ABBV UN,ABBV,UN
CL UN,CL,UN
CVX UN,CVX,UN
D UN,D,UN
RDY UN,RDY,UN
WU UN,WU,UN
XOM UN,XOM,UN
VIPS UN,VIPS,UN
DHI UN,DHI,UN
ERJ UN,ERJ,UN
LIN UN,LIN,UN
TSN UN,TSN,UN
MBT UN,MBT,UN
TTM UN,TTM,UN
WMT UN,WMT,UN
HD UN,HD,UN
KSS UN,KSS,UN
MDT UN,MDT,UN
TJX UN,TJX,UN
LB UN,LB,UN
LOW UN,LOW,UN
TGT UN,TGT,UN
GPS UN,GPS,UN
JWN UN,JWN,UN
M UN,M,UN
QD UN,QD,UN
BBY UN,BBY,UN
ANF UN,ANF,UN
CRM UN,CRM,UN
DE UN,DE,UN
HPQ UN,HPQ,UN
PANW UN,PANW,UN
PVH UN,PVH,UN
BRK/A UN,BRK/A,UN
BRK/B UN,BRK/B,UN
ITUB UN,ITUB,UN
OXY UN,OXY,UN
PRU UN,PRU,UN
PXD UN,PXD,UN
SYY UN,SYY,UN
UA UN,UA,UN
UAA UN,UAA,UN
BDX UN,BDX,UN
DVN UN,DVN,UN
EMR UN,EMR,UN
MOS UN,MOS,UN
NEM UN,NEM,UN
NUS UN,NUS,UN
VIV UN,VIV,UN
WLL UN,WLL,UN
ALB UN,ALB,UN
CVS UN,CVS,UN
MRO UN,MRO,UN
ROK UN,ROK,UN
SPR UN,SPR,UN
SQ UN,SQ,UN
ZTO UN,ZTO,UN
APD UN,APD,UN
DIS UN,DIS,UN
EOG UN,EOG,UN
JCI UN,JCI,UN
RL UN,RL,UN
TDC UN,TDC,UN
TEVA UN,TEVA,UN
TM UN,TM,UN
DUK UN,DUK,UN
KR UN,KR,UN
ORCL UN,ORCL,UN
FDX UN,FDX,UN
ACN UN,ACN,UN
CCL UN,CCL,UN
GIS UN,GIS,UN
NKE UN,NKE,UN
GWRE UN,GWRE,UN
GME UN,GME,UN
OMC UN,OMC,UN
AMX UN,AMX,UN
BHP UN,BHP,UN
SU UN,SU,UN
DG UN,DG,UN
HDB UN,HDB,UN
NOW UN,NOW,UN
UBER UN,UBER,UN
DB UN,DB,UN
GOLD UN,GOLD,UN
PTR UN,PTR,UN
MCO UN,MCO,UN
NIO UN,NIO,UN
RACE UN,RACE,UN
SAVE UN,SAVE,UN
ATI UN,ATI,UN
SHOP UN,SHOP,UN
RH UN,RH,UN
LMND UN,LMND,UN
SHAK UN,SHAK,UN
RTX UN,RTX,UN
TDOC UN,TDOC,UN
SE UN,SE,UN
NEE UN,NEE,UN
FIS UN,FIS,UN
GPN UN,GPN,UN
PLD UN,PLD,UN
CTVA UN,CTVA,UN
SNOW UN,SNOW,UN
PHG UN,PHG,UN
WORK UN,WORK,UN
FSLY UN,FSLY,UN
CLX UN,CLX,UN
PINS UN,PINS,UN
PLTR UQ,PLTR,UQ
U UN,U,UN
AMC UN,AMC,UN
NCLH UN,NCLH,UN
QS UN,QS,UN
IQV UN,IQV,UN
AWR UN,AWR,UN
LYB UN,LYB,UN
BCC UN,BCC,UN
FTCH UN,FTCH,UN
UMC UN,UMC,UN
BBL UN,BBL,UN
KTB UN,KTB,UN
BCH UN,BCH,UN
LH UN,LH,UN
CPF UN,CPF,UN
TU UN,TU,UN
BH UN,BH,UN
SAND UN,SAND,UN
BKT UN,BKT,UN
SAN UN,SAN,UN
BBVA UN,BBVA,UN
HOME UN,HOME,UN
CAF UN,CAF,UN
TEF UN,TEF,UN
KEP UN,KEP,UN
SPH UN,SPH,UN
FCT UN,FCT,UN
SMM UN,SMM,UN
CAPL UN,CAPL,UN
SCI UN,SCI,UN
STE UN,STE,UN
CIT UN,CIT,UN
ST UN,ST,UN
ROG UN,ROG,UN
CFR UN,CFR,UN
AC UN,AC,UN
SM UN,SM,UN
TEL UN,TEL,UN
DNB UN,DNB,UN
DSM UN,DSM,UN
MT UN,MT,UN
ATC UN,ATC,UN
GAM UN,GAM,UN
SDHY UN,SDHY,UN
GSK UN,GSK,UN
CPG UN,CPG,UN
CNA UN,CNA,UN
RIO UN,RIO,UN
WPP UN,WPP,UN
FERG UN,FERG,UN
ASC UN,ASC,UN
INFO UN,INFO,UN
TEN UN,TEN,UN
TRN UN,TRN,UN
G UN,G,UN
UNVR UN,UNVR,UN
CRH UN,CRH,UN
SAP UN,SAP,UN
MTX UN,MTX,UN
LEG UN,LEG,UN
ADS UN,ADS,UN
DTE UN,DTE,UN
HEI UN,HEI,UN
ALV UN,ALV,UN
EEA UN,EEA,UN
ESE UN,ESE,UN
STN UN,STN,UN
WAT UN,WAT,UN
MC UN,MC,UN
BB UN,BB,UN
FTI UN,FTI,UN
STM UN,STM,UN
ORA UN,ORA,UN
AIR UN,AIR,UN
CNP UN,CNP,UN
TRI UN,TRI,UN
KN UN,KN,UN
ACA UN,ACA,UN
AI UN,AI,UN
CAP UN,CAP,UN
EDF UN,EDF,UN
ATO UN,ATO,UN
CS UN,CS,UN
FR UN,FR,UN
OR UN,OR,UN
CRI UN,CRI,UN
RF UN,RF,UN
CO UN,CO,UN
ERF UN,ERF,UN
QSR UN,QSR,UN
BCE UN,BCE,UN
BNS UN,BNS,UN
NTR UN,NTR,UN
CNQ UN,CNQ,UN
RY UN,RY,UN
TD UN,TD,UN
EURN UN,EURN,UN
TNET UN,TNET,UN
EBS UN,EBS,UN
PSTG UN,PSTG,UN
COUR UN,COUR,UN
QSR UN,QSR,UN
INDA UF,INDA,UF
MTUM UF,MTUM,UF
QUAL UF,QUAL,UF
RSX UF,RSX,UF
VLUE UF,VLUE,UF
VNM UF,VNM,UF
ARKG UF,ARKG,UF
WIL UF,WIL,UF
SPMV UF,SPMV,UF
BBCA UF,BBCA,UF
BOSS UF,BOSS,UF
EDEN UF,EDEN,UF
REC UF,REC,UF
5930 JT,5930,JT
6360 JT,6360,JT
4020 JT,4020,JT
6400 JT,6400,JT
2651 JT,2651,JT
8954 JT,8954,JT
7741 JT,7741,JT
8604 JT,8604,JT
5938 JT,5938,JT
6963 JT,6963,JT
7974 JT,7974,JT
9504 JT,9504,JT
9506 JT,9506,JT
9508 JT,9508,JT
7936 JT,7936,JT
8952 JT,8952,JT
9984 JT,9984,JT
6370 JT,6370,JT
7186 JT,7186,JT
8951 JT,8951,JT
9201 JT,9201,JT
2185 JT,2185,JT
51900 HK,51900,HK
660 HK,660,HK
720 HK,720,HK
12330 HK,12330,HK
11070 HK,11070,HK
17670 HK,17670,HK
21240 HK,21240,HK
11170 HK,11170,HK
18880 HK,18880,HK
810 HK,810,HK
23530 HK,23530,HK
823 HK,823,HK
973 HK,973,HK
945 HK,945,HK
2638 HK,2638,HK
89 HK,89,HK
625 HK,625,HK
XFAB FP,XFAB,FP
A UN,A,UN
AAC UN,AAC,UN
AAN UN,AAN,UN
AAOI UQ,AAOI,UQ
AAON UQ,AAON,UQ
AAP UN,AAP,UN
AAT UN,AAT,UN
AAU UA,AAU,UA
AAVVF UV,AAVVF,UV
AAWW UQ,AAWW,UQ
AB UN,AB,UN
ABC UN,ABC,UN
ABCB UQ,ABCB,UQ
ABEO UR,ABEO,UR
ABG UN,ABG,UN
ABM UN,ABM,UN
ABMD UQ,ABMD,UQ
ABNB UQ,ABNB,UQ
ABR UN,ABR,UN
ABTX UQ,ABTX,UQ
ABUS UQ,ABUS,UQ
ACAD UQ,ACAD,UQ
ACC UN,ACC,UN
ACCO UN,ACCO,UN
ACET UQ,ACET,UQ
ACFN UV,ACFN,UV
ACGL UQ,ACGL,UQ
ACHC UQ,ACHC,UQ
ACHV UR,ACHV,UR
ACIW UQ,ACIW,UQ
ACLS UQ,ACLS,UQ
ACM UN,ACM,UN
ACMR UQ,ACMR,UQ
ACOR UQ,ACOR,UQ
ACRE UN,ACRE,UN
ACRS UQ,ACRS,UQ
ACRX UQ,ACRX,UQ
ACTG UQ,ACTG,UQ
ACUR UV,ACUR,UV
ACWV UF,ACWV,UF
ACWX UQ,ACWX,UQ
ADAP UQ,ADAP,UQ
ADC UN,ADC,UN
ADMA UQ,ADMA,UQ
ADMP UR,ADMP,UR
ADMS UQ,ADMS,UQ
ADNT UN,ADNT,UN
ADPT UQ,ADPT,UQ
ADSK UQ,ADSK,UQ
ADT UN,ADT,UN
ADTN UQ,ADTN,UQ
ADUS UQ,ADUS,UQ
ADVM UQ,ADVM,UQ
ADXS UR,ADXS,UR
AEE UN,AEE,UN
AEGN UQ,AEGN,UQ
AEIS UQ,AEIS,UQ
AEL UN,AEL,UN
AEO UN,AEO,UN
AERI UQ,AERI,UQ
AES UN,AES,UN
AEZS UR,AEZS,UR
AFFY UV,AFFY,UV
AFG UN,AFG,UN
AFI UN,AFI,UN
AFL UN,AFL,UN
AFMD UQ,AFMD,UQ
AFRM UQ,AFRM,UQ
AFTY UP,AFTY,UP
AFYA UQ,AFYA,UQ
AGCO UN,AGCO,UN
AGEN UR,AGEN,UR
AGFS UQ,AGFS,UQ
AGI UN,AGI,UN
AGIO UQ,AGIO,UQ
AGLE UQ,AGLE,UQ
AGM UN,AGM,UN
AGNC UQ,AGNC,UQ
AGO UN,AGO,UN
AGQ UP,AGQ,UP
AGR UN,AGR,UN
AGRO UN,AGRO,UN
AGRX UR,AGRX,UR
AGS UN,AGS,UN
AGTC UQ,AGTC,UQ
AGX UN,AGX,UN
AGYS UQ,AGYS,UQ
AHC UN,AHC,UN
AHCO UR,AHCO,UR
AHH UN,AHH,UN
AHT UN,AHT,UN
AIMC UQ,AIMC,UQ
AIN UN,AIN,UN
AINV UQ,AINV,UQ
AIRC UN,AIRC,UN
AIRG UR,AIRG,UR
AIT UN,AIT,UN
AIV UN,AIV,UN
AIZ UN,AIZ,UN
AJG UN,AJG,UN
AJRD UN,AJRD,UN
AKAM UQ,AKAM,UQ
AKAOQ UV,AKAOQ,UV
AKBA UQ,AKBA,UQ
AKR UN,AKR,UN
AKTS UR,AKTS,UR
AL UN,AL,UN
ALBO UR,ALBO,UR
ALC UN,ALC,UN
ALDX UR,ALDX,UR
ALE UN,ALE,UN
ALEC UQ,ALEC,UQ
ALEX UN,ALEX,UN
ALFA UF,ALFA,UF
ALG UN,ALG,UN
ALGT UQ,ALGT,UQ
ALIM UQ,ALIM,UQ
ALK UN,ALK,UN
ALKS UQ,ALKS,UQ
ALLE UN,ALLE,UN
ALLK UQ,ALLK,UQ
ALLO UQ,ALLO,UQ
ALLT UQ,ALLT,UQ
ALLY UN,ALLY,UN
ALNY UQ,ALNY,UQ
ALRM UQ,ALRM,UQ
ALSK UQ,ALSK,UQ
ALSN UN,ALSN,UN
ALT UQ,ALT,UQ
ALTM UQ,ALTM,UQ
ALTR UQ,ALTR,UQ
AM UN,AM,UN
AMBA UQ,AMBA,UQ
AMBC UN,AMBC,UN
AMCR UN,AMCR,UN
AMCX UQ,AMCX,UQ
AME UN,AME,UN
AMED UQ,AMED,UQ
AMG UN,AMG,UN
AMH UN,AMH,UN
AMJ UP,AMJ,UP
AMKR UQ,AMKR,UQ
AMLP UP,AMLP,UP
AMN UN,AMN,UN
AMNB UQ,AMNB,UQ
AMOT UQ,AMOT,UQ
AMP UN,AMP,UN
AMPE UA,AMPE,UA
AMPH UQ,AMPH,UQ
AMPY UN,AMPY,UN
AMR UN,AMR,UN
AMRC UN,AMRC,UN
AMRN UQ,AMRN,UQ
AMRS UQ,AMRS,UQ
AMRX UN,AMRX,UN
AMSC UQ,AMSC,UQ
AMSF UQ,AMSF,UQ
AMSWA UQ,AMSWA,UQ
AMWD UQ,AMWD,UQ
AMWL UN,AMWL,UN
AMZA UP,AMZA,UP
AN UN,AN,UN
ANAB UQ,ANAB,UQ
ANAT UQ,ANAT,UQ
ANDE UQ,ANDE,UQ
ANET UN,ANET,UN
ANGI UQ,ANGI,UQ
ANGL UQ,ANGL,UQ
ANGO UQ,ANGO,UQ
ANIK UQ,ANIK,UQ
ANIP UQ,ANIP,UQ
ANSS UQ,ANSS,UQ
ANTE UR,ANTE,UR
ANTH UV,ANTH,UV
ANY UR,ANY,UR
AON UN,AON,UN
AOS UN,AOS,UN
AOSL UQ,AOSL,UQ
AP UN,AP,UN
APAM UN,APAM,UN
APDN UR,APDN,UR
APEI UQ,APEI,UQ
APEN UQ,APEN,UQ
API UQ,API,UQ
APLE UN,APLE,UN
APLS UQ,APLS,UQ
APO UN,APO,UN
APOG UQ,APOG,UQ
APP UQ,APP,UQ
APPF UQ,APPF,UQ
APPN UQ,APPN,UQ
APPS UR,APPS,UR
APRN UN,APRN,UN
APT UA,APT,UA
APTO UR,APTO,UR
APTS UN,APTS,UN
APVO UR,APVO,UR
APYX UQ,APYX,UQ
AQMS UR,AQMS,UR
AQUA UN,AQUA,UN
AR UN,AR,UN
ARAV UQ,ARAV,UQ
ARAY UQ,ARAY,UQ
ARC UN,ARC,UN
ARCB UQ,ARCB,UQ
ARCC UQ,ARCC,UQ
ARCH UN,ARCH,UN
ARCO UN,ARCO,UN
ARCT UQ,ARCT,UQ
ARCW UV,ARCW,UV
ARD UN,ARD,UN
ARDX UQ,ARDX,UQ
ARE UN,ARE,UN
ARES UN,ARES,UN
ARGT UP,ARGT,UP
ARI UN,ARI,UN
ARKF UP,ARKF,UP
ARKQ UF,ARKQ,UF
ARKW UP,ARKW,UP
ARLO UN,ARLO,UN
ARLP UQ,ARLP,UQ
ARM UQ,ARM,UQ
ARMK UN,ARMK,UN
ARNA UQ,ARNA,UQ
ARNC UN,ARNC,UN
AROC UN,AROC,UN
AROW UQ,AROW,UQ
ARR UN,ARR,UN
ARRY UQ,ARRY,UQ
ARTNA UQ,ARTNA,UQ
ARVN UQ,ARVN,UQ
ARW UN,ARW,UN
ARWR UQ,ARWR,UQ
ASA UN,ASA,UN
ASAN UN,ASAN,UN
ASB UN,ASB,UN
ASGN UN,ASGN,UN
ASH UN,ASH,UN
ASHS UP,ASHS,UP
ASIX UN,ASIX,UN
ASMB UQ,ASMB,UQ
ASND UQ,ASND,UQ
ASPS UQ,ASPS,UQ
ASRT UR,ASRT,UR
ASRV UQ,ASRV,UQ
ASTC UR,ASTC,UR
ASTE UQ,ASTE,UQ
ASTI UV,ASTI,UV
ASUR UR,ASUR,UR
ASYS UQ,ASYS,UQ
AT UN,AT,UN
ATAX UQ,ATAX,UQ
ATEC UQ,ATEC,UQ
ATEN UN,ATEN,UN
ATEX UR,ATEX,UR
ATGE UN,ATGE,UN
ATH UN,ATH,UN
ATHX UR,ATHX,UR
ATKR UN,ATKR,UN
ATLC UQ,ATLC,UQ
ATNI UQ,ATNI,UQ
ATNM UA,ATNM,UA
ATNX UQ,ATNX,UQ
ATOS UR,ATOS,UR
ATR UN,ATR,UN
ATRA UQ,ATRA,UQ
ATRC UQ,ATRC,UQ
ATRO UQ,ATRO,UQ
ATRS UR,ATRS,UR
ATSG UQ,ATSG,UQ
ATUS UN,ATUS,UN
AUB UQ,AUB,UQ
AUDC UQ,AUDC,UQ
AUMN UA,AUMN,UA
AUOTY UV,AUOTY,UV
AUPH UQ,AUPH,UQ
AUTO UR,AUTO,UR
AVA UN,AVA,UN
AVAV UQ,AVAV,UQ
AVB UN,AVB,UN
AVD UN,AVD,UN
AVDL UQ,AVDL,UQ
AVEO UR,AVEO,UR
AVGR UR,AVGR,UR
AVID UQ,AVID,UQ
AVIR UQ,AVIR,UQ
AVLR UN,AVLR,UN
AVNS UN,AVNS,UN
AVRO UQ,AVRO,UQ
AVT UQ,AVT,UQ
AVTR UN,AVTR,UN
AVXL UR,AVXL,UR
AVY UN,AVY,UN
AVYA UN,AVYA,UN
AWH UR,AWH,UR
AWI UN,AWI,UN
AWK UN,AWK,UN
AWRE UQ,AWRE,UQ
AX UN,AX,UN
AXAS UR,AXAS,UR
AXDX UR,AXDX,UR
AXGN UR,AXGN,UR
AXL UN,AXL,UN
AXNX UQ,AXNX,UQ
AXS UN,AXS,UN
AXSM UQ,AXSM,UQ
AXTA UN,AXTA,UN
AXTI UQ,AXTI,UQ
AXU UA,AXU,UA
AY UQ,AY,UQ
AYI UN,AYI,UN
AYX UN,AYX,UN
AZO UN,AZO,UN
AZPN UQ,AZPN,UQ
AZZ UN,AZZ,UN
B UN,B,UN
BAH UN,BAH,UN
BAK UN,BAK,UN
BAL UP,BAL,UP
BALTF UV,BALTF,UV
BAM UN,BAM,UN
BANC UN,BANC,UN
BAND UQ,BAND,UQ
BANR UQ,BANR,UQ
BATRA UQ,BATRA,UQ
BATRK UQ,BATRK,UQ
BBAR UN,BBAR,UN
BBBY UQ,BBBY,UQ
BBDC UN,BBDC,UN
BBH UQ,BBH,UQ
BBI UR,BBI,UR
BBIO UQ,BBIO,UQ
BBSI UQ,BBSI,UQ
BBU UN,BBU,UN
BBW UN,BBW,UN
BC UN,BC,UN
BCBP UQ,BCBP,UQ
BCEI UN,BCEI,UN
BCI UP,BCI,UP
BCLI UR,BCLI,UR
BCO UN,BCO,UN
BCOR UQ,BCOR,UQ
BCOV UQ,BCOV,UQ
BCPC UQ,BCPC,UQ
BCRX UQ,BCRX,UQ
BCSF UN,BCSF,UN
BDC UN,BDC,UN
BDN UN,BDN,UN
BDSI UQ,BDSI,UQ
BE UN,BE,UN
BEAM UQ,BEAM,UQ
BEBE UV,BEBE,UV
BECN UQ,BECN,UQ
BELFB UQ,BELFB,UQ
BEN UN,BEN,UN
BERY UN,BERY,UN
BEST UN,BEST,UN
BF/B UN,BF/B,UN
BFAM UN,BFAM,UN
BFIN UQ,BFIN,UQ
BFOR UP,BFOR,UP
BG UN,BG,UN
BGCP UQ,BGCP,UQ
BGFV UQ,BGFV,UQ
BGS UN,BGS,UN
BHC UN,BHC,UN
BHE UN,BHE,UN
BHF UQ,BHF,UQ
BHLB UN,BHLB,UN
BHR UN,BHR,UN
BHVN UN,BHVN,UN
BIB UQ,BIB,UQ
BIG UN,BIG,UN
BIGC UQ,BIGC,UQ
BIL UP,BIL,UP
BIO UN,BIO,UN
BIOC UR,BIOC,UR
BIP UN,BIP,UN
BIS UQ,BIS,UQ
BIV UP,BIV,UP
BJK UQ,BJK,UQ
BJRI UQ,BJRI,UQ
BKCC UQ,BKCC,UQ
BKD UN,BKD,UN
BKE UN,BKE,UN
BKEP UQ,BKEP,UQ
BKH UN,BKH,UN
BKI UN,BKI,UN
BKLN UP,BKLN,UP
BKU UN,BKU,UN
BL UQ,BL,UQ
BLCM UR,BLCM,UR
BLCN UQ,BLCN,UQ
BLD UN,BLD,UN
BLDP UQ,BLDP,UQ
BLDR UQ,BLDR,UQ
BLFS UR,BLFS,UR
BLKB UQ,BLKB,UQ
BLL UN,BLL,UN
BLMN UQ,BLMN,UQ
BLNK UR,BLNK,UR
BLUE UQ,BLUE,UQ
BLV UP,BLV,UP
BLX UN,BLX,UN
BMBL UQ,BMBL,UQ
BMI UN,BMI,UN
BMO UN,BMO,UN
BMRN UQ,BMRN,UQ
BMTC UQ,BMTC,UQ
BND UQ,BND,UQ
BNDX UQ,BNDX,UQ
BNED UN,BNED,UN
BNFT UQ,BNFT,UQ
BNO UP,BNO,UP
BOCH UQ,BOCH,UQ
BOH UN,BOH,UN
BOIL UP,BOIL,UP
BOKF UQ,BOKF,UQ
BONTQ UV,BONTQ,UV
BOOM UQ,BOOM,UQ
BOOT UN,BOOT,UN
BOTZ UQ,BOTZ,UQ
BOX UN,BOX,UN
BPFH UQ,BPFH,UQ
BPMC UQ,BPMC,UQ
BPMP UN,BPMP,UN
BPOP UQ,BPOP,UQ
BPT UN,BPT,UN
BPY UQ,BPY,UQ
BR UN,BR,UN
BRBR UN,BRBR,UN
BRC UN,BRC,UN
BRG UA,BRG,UA
BRKL UQ,BRKL,UQ
BRKR UQ,BRKR,UQ
BRKS UQ,BRKS,UQ
BRLI UR,BRLI,UR
BRO UN,BRO,UN
BRX UN,BRX,UN
BRY UQ,BRY,UQ
BSET UQ,BSET,UQ
BSGM UR,BSGM,UR
BSM UN,BSM,UN
BSQR UR,BSQR,UR
BSRR UQ,BSRR,UQ
BSV UP,BSV,UP
BTG UA,BTG,UA
BTN UA,BTN,UA
BTT UN,BTT,UN
BTU UN,BTU,UN
BTX UA,BTX,UA
BURL UN,BURL,UN
BUSE UQ,BUSE,UQ
BV UN,BV,UN
BW UN,BW,UN
BWEN UR,BWEN,UR
BWX UP,BWX,UP
BWXT UN,BWXT,UN
BXC UN,BXC,UN
BXMT UN,BXMT,UN
BXP UN,BXP,UN
BXS UN,BXS,UN
BYD UN,BYD,UN
BZH UN,BZH,UN
BZQ UP,BZQ,UP
CAAS UR,CAAS,UR
CACC UQ,CACC,UQ
CACI UN,CACI,UN
CADE UN,CADE,UN
CAE UN,CAE,UN
CAG UN,CAG,UN
CAH UN,CAH,UN
CAI UN,CAI,UN
CAKE UQ,CAKE,UQ
CAL UN,CAL,UN
CALA UQ,CALA,UQ
CALM UQ,CALM,UQ
CALX UN,CALX,UN
CAMP UQ,CAMP,UQ
CAMT UQ,CAMT,UQ
CANE UP,CANE,UP
CANF UA,CANF,UA
CAR UQ,CAR,UQ
CARA UQ,CARA,UQ
CARG UQ,CARG,UQ
CARR UN,CARR,UN
CARS UN,CARS,UN
CAS UN,CAS,UN
CASA UQ,CASA,UQ
CASH UQ,CASH,UQ
CASS UQ,CASS,UQ
CASY UQ,CASY,UQ
CATB UQ,CATB,UQ
CATM UQ,CATM,UQ
CATO UN,CATO,UN
CATY UQ,CATY,UQ
CB UN,CB,UN
CBAY UQ,CBAY,UQ
CBB UN,CBB,UN
CBIO UR,CBIO,UR
CBLI UR,CBLI,UR
CBOE UF,CBOE,UF
CBRE UN,CBRE,UN
CBRL UQ,CBRL,UQ
CBSH UQ,CBSH,UQ
CBT UN,CBT,UN
CBU UN,CBU,UN
CBZ UN,CBZ,UN
CC UN,CC,UN
CCEP UN,CCEP,UN
CCI UN,CCI,UN
CCK UN,CCK,UN
CCLP UQ,CCLP,UQ
CCMP UQ,CCMP,UQ
CCNE UQ,CCNE,UQ
CCO UN,CCO,UN
CCOI UQ,CCOI,UQ
CCRN UQ,CCRN,UQ
CCS UN,CCS,UN
CCXI UQ,CCXI,UQ
CDAY UN,CDAY,UN
CDE UN,CDE,UN
CDEV UR,CDEV,UR
CDK UQ,CDK,UQ
CDLX UQ,CDLX,UQ
CDMO UR,CDMO,UR
CDNA UQ,CDNA,UQ
CDR UN,CDR,UN
CDTX UQ,CDTX,UQ
CDW UQ,CDW,UQ
CDXC UR,CDXC,UR
CDXS UQ,CDXS,UQ
CDZI UQ,CDZI,UQ
CE UN,CE,UN
CECE UQ,CECE,UQ
CEIX UN,CEIX,UN
CELH UR,CELH,UR
CEMB UF,CEMB,UF
CEMI UR,CEMI,UR
CENT UQ,CENT,UQ
CENTA UQ,CENTA,UQ
CENX UQ,CENX,UQ
CEQP UN,CEQP,UN
CERC UR,CERC,UR
CERN UQ,CERN,UQ
CERS UQ,CERS,UQ
CEVA UQ,CEVA,UQ
CEW UP,CEW,UP
CFA UQ,CFA,UQ
CFFN UQ,CFFN,UQ
CFG UN,CFG,UN
CFMS UR,CFMS,UR
CFX UN,CFX,UN
CG UQ,CG,UQ
CGA UN,CGA,UN
CGBD UQ,CGBD,UQ
CGEN UQ,CGEN,UQ
CGNT UQ,CGNT,UQ
CGNX UQ,CGNX,UQ
CHAD UP,CHAD,UP
CHAU UP,CHAU,UP
CHCO UQ,CHCO,UQ
CHD UN,CHD,UN
CHDN UQ,CHDN,UQ
CHE UN,CHE,UN
CHEF UQ,CHEF,UQ
CHGG UN,CHGG,UN
CHH UN,CHH,UN
CHIC UP,CHIC,UP
CHIQ UP,CHIQ,UP
CHIX UP,CHIX,UP
CHK UQ,CHK,UQ
CHKR UV,CHKR,UV
CHMA UQ,CHMA,UQ
CHMT UV,CHMT,UV
CHNG UQ,CHNG,UQ
CHRS UQ,CHRS,UQ
CHS UN,CHS,UN
CHUY UQ,CHUY,UQ
CHWY UN,CHWY,UN
CIA UN,CIA,UN
CIBR UQ,CIBR,UQ
CIEN UN,CIEN,UN
CIM UN,CIM,UN
CINF UQ,CINF,UQ
CIO UN,CIO,UN
CIR UN,CIR,UN
CIVB UR,CIVB,UR
CLAR UQ,CLAR,UQ
CLB UN,CLB,UN
CLBK UQ,CLBK,UQ
CLBS UR,CLBS,UR
CLDR UN,CLDR,UN
CLDT UN,CLDT,UN
CLDX UR,CLDX,UR
CLFD UQ,CLFD,UQ
CLGX UN,CLGX,UN
CLH UN,CLH,UN
CLI UN,CLI,UN
CLIR UR,CLIR,UR
CLLS UQ,CLLS,UQ
CLMT UQ,CLMT,UQ
CLNE UQ,CLNE,UQ
CLNY UN,CLNY,UN
CLOU UQ,CLOU,UQ
CLR UN,CLR,UN
CLS UN,CLS,UN
CLSD UQ,CLSD,UQ
CLSN UR,CLSN,UR
CLVS UQ,CLVS,UQ
CLW UN,CLW,UN
CM UN,CM,UN
CMA UN,CMA,UN
CMC UN,CMC,UN
CMCO UQ,CMCO,UQ
CMD UN,CMD,UN
CMI UN,CMI,UN
CMLS UQ,CMLS,UQ
CMO UN,CMO,UN
CMP UN,CMP,UN
CMPR UQ,CMPR,UQ
CMRE UN,CMRE,UN
CMRX UQ,CMRX,UQ
CMS UN,CMS,UN
CMTL UQ,CMTL,UQ
CNC UN,CNC,UN
CNCE UQ,CNCE,UQ
CNDT UQ,CNDT,UQ
CNET UR,CNET,UR
CNHI UN,CNHI,UN
CNK UN,CNK,UN
CNMD UN,CNMD,UN
CNNE UN,CNNE,UN
CNO UN,CNO,UN
CNOB UQ,CNOB,UQ
CNR UN,CNR,UN
CNS UN,CNS,UN
CNSL UQ,CNSL,UQ
CNST UQ,CNST,UQ
CNTY UR,CNTY,UR
CNX UN,CNX,UN
CNXN UQ,CNXN,UQ
CNXT UP,CNXT,UP
CNYA UF,CNYA,UF
CODI UN,CODI,UN
COG UN,COG,UN
COGT UQ,COGT,UQ
COHR UQ,COHR,UQ
COHU UQ,COHU,UQ
COLB UQ,COLB,UQ
COLD UN,COLD,UN
COLL UQ,COLL,UQ
COLM UQ,COLM,UQ
COMM UQ,COMM,UQ
CONE UQ,CONE,UQ
COO UN,COO,UN
COOP UR,COOP,UR
COR UN,COR,UN
CORE UQ,CORE,UQ
CORN UP,CORN,UP
CORR UN,CORR,UN
CORT UR,CORT,UR
COTY UN,COTY,UN
COUP UQ,COUP,UQ
COW UP,COW,UP
COWN UQ,COWN,UQ
COWTF UV,COWTF,UV
CPA UN,CPA,UN
CPB UN,CPB,UN
CPE UN,CPE,UN
CPIX UQ,CPIX,UQ
CPK UN,CPK,UN
CPLP UQ,CPLP,UQ
CPRI UN,CPRI,UN
CPRT UQ,CPRT,UQ
CPRX UR,CPRX,UR
CPS UN,CPS,UN
CPSI UQ,CPSI,UQ
CPSS UQ,CPSS,UQ
CPT UN,CPT,UN
CPTA UQ,CPTA,UQ
CQP UA,CQP,UA
CR UN,CR,UN
CRAI UQ,CRAI,UQ
CRBP UQ,CRBP,UQ
CRC UN,CRC,UN
CREG UR,CREG,UR
CRESY UQ,CRESY,UQ
CRIS UQ,CRIS,UQ
CRK UN,CRK,UN
CRL UN,CRL,UN
CRMD UQ,CRMD,UQ
CRMT UQ,CRMT,UQ
CRNC UQ,CRNC,UQ
CRNT UQ,CRNT,UQ
CROC UP,CROC,UP
CROX UQ,CROX,UQ
CRS UN,CRS,UN
CRUS UQ,CRUS,UQ
CRVL UQ,CRVL,UQ
CRVS UQ,CRVS,UQ
CRWS UR,CRWS,UR
CRY UN,CRY,UN
CSD UP,CSD,UP
CSGP UQ,CSGP,UQ
CSGS UQ,CSGS,UQ
CSII UQ,CSII,UQ
CSL UN,CSL,UN
CSLT UN,CSLT,UN
CSOD UQ,CSOD,UQ
CSPR UN,CSPR,UN
CSTE UQ,CSTE,UQ
CSTM UN,CSTM,UN
CSU UN,CSU,UN
CSV UN,CSV,UN
CSWC UQ,CSWC,UQ
CTAS UQ,CTAS,UQ
CTB UN,CTB,UN
CTBI UQ,CTBI,UQ
CTG UQ,CTG,UQ
CTHR UR,CTHR,UR
CTIC UR,CTIC,UR
CTLT UN,CTLT,UN
CTMX UQ,CTMX,UQ
CTRE UQ,CTRE,UQ
CTRN UQ,CTRN,UQ
CTS UN,CTS,UN
CTSO UR,CTSO,UR
CTT UN,CTT,UN
CTXS UQ,CTXS,UQ
CUB UN,CUB,UN
CUBE UN,CUBE,UN
CUBI UN,CUBI,UN
CUK UN,CUK,UN
CULP UN,CULP,UN
CURE UP,CURE,UP
CUTR UQ,CUTR,UQ
CUZ UN,CUZ,UN
CVA UN,CVA,UN
CVBF UQ,CVBF,UQ
CVCO UQ,CVCO,UQ
CVCY UR,CVCY,UR
CVE UN,CVE,UN
CVEO UN,CVEO,UN
CVET UQ,CVET,UQ
CVGI UQ,CVGI,UQ
CVGW UQ,CVGW,UQ
CVI UN,CVI,UN
CVLT UQ,CVLT,UQ
CVM UA,CVM,UA
CVNA UN,CVNA,UN
CVU UA,CVU,UA
CVY UP,CVY,UP
CW UN,CW,UN
CWB UP,CWB,UP
CWCO UQ,CWCO,UQ
CWEB UP,CWEB,UP
CWEN UN,CWEN,UN
CWH UN,CWH,UN
CWI UP,CWI,UP
CWK UN,CWK,UN
CWST UQ,CWST,UQ
CWT UN,CWT,UN
CXDC UQ,CXDC,UQ
CXP UN,CXP,UN
CXW UN,CXW,UN
CYB UP,CYB,UP
CYCC UR,CYCC,UR
CYD UN,CYD,UN
CYH UN,CYH,UN
CYRN UR,CYRN,UR
CYRX UR,CYRX,UR
CYTK UQ,CYTK,UQ
CYTR UV,CYTR,UV
CZNC UR,CZNC,UR
CZR UQ,CZR,UQ
DAKT UQ,DAKT,UQ
DAN UN,DAN,UN
DAR UN,DAR,UN
DARE UR,DARE,UR
DASH UN,DASH,UN
DBA UP,DBA,UP
DBB UP,DBB,UP
DBC UP,DBC,UP
DBD UN,DBD,UN
DBE UP,DBE,UP
DBEF UP,DBEF,UP
DBEU UP,DBEU,UP
DBI UN,DBI,UN
DBO UP,DBO,UP
DBP UP,DBP,UP
DBV UP,DBV,UP
DBVT UQ,DBVT,UQ
DBX UQ,DBX,UQ
DCI UN,DCI,UN
DCO UN,DCO,UN
DCOM UQ,DCOM,UQ
DCP UN,DCP,UN
DCPH UQ,DCPH,UQ
DCT UQ,DCT,UQ
DCTH UR,DCTH,UR
DDG UP,DDG,UP
DDM UP,DDM,UP
DDOG UQ,DDOG,UQ
DDS UN,DDS,UN
DEA UN,DEA,UN
DECK UN,DECK,UN
DEI UN,DEI,UN
DELL UN,DELL,UN
DEM UP,DEM,UP
DENN UR,DENN,UR
DES UP,DES,UP
DFE UP,DFE,UP
DFIN UN,DFIN,UN
DFJ UP,DFJ,UP
DFODQ UV,DFODQ,UV
DFS UN,DFS,UN
DGICA UQ,DGICA,UQ
DGII UQ,DGII,UQ
DGL UP,DGL,UP
DGLY UR,DGLY,UR
DGRO UP,DGRO,UP
DGRW UQ,DGRW,UQ
DGS UP,DGS,UP
DGT UP,DGT,UP
DGX UN,DGX,UN
DHT UN,DHT,UN
DHX UN,DHX,UN
DIG UP,DIG,UP
DIN UN,DIN,UN
DIOD UQ,DIOD,UQ
DISCA UQ,DISCA,UQ
DISCK UQ,DISCK,UQ
DISH UQ,DISH,UQ
DJP UP,DJP,UP
DK UN,DK,UN
DKL UN,DKL,UN
DKNG UQ,DKNG,UQ
DKS UN,DKS,UN
DLB UN,DLB,UN
DLN UP,DLN,UP
DLNG UN,DLNG,UN
DLR UN,DLR,UN
DLS UP,DLS,UP
DLTH UQ,DLTH,UQ
DLX UN,DLX,UN
DM UN,DM,UN
DMLP UQ,DMLP,UQ
DMRC UQ,DMRC,UQ
DNLI UQ,DNLI,UQ
DNMR UN,DNMR,UN
DNN UA,DNN,UA
DNOW UN,DNOW,UN
DOC UN,DOC,UN
DOMR UV,DOMR,UV
DON UP,DON,UP
DOOR UN,DOOR,UN
DORM UQ,DORM,UQ
DOV UN,DOV,UN
DOX UQ,DOX,UQ
DOYU UQ,DOYU,UQ
DPW UA,DPW,UA
DPZ UN,DPZ,UN
DRE UN,DRE,UN
DRH UN,DRH,UN
DRI UN,DRI,UN
DRIP UP,DRIP,UP
DRIV UQ,DRIV,UQ
DRN UP,DRN,UP
DRNA UQ,DRNA,UQ
DRQ UN,DRQ,UN
DRRX UR,DRRX,UR
DRV UP,DRV,UP
DS UN,DS,UN
DSI UP,DSI,UP
DSKE UR,DSKE,UR
DSL UN,DSL,UN
DSPG UQ,DSPG,UQ
DSS UA,DSS,UA
DSX UN,DSX,UN
DT UN,DT,UN
DTEA UQ,DTEA,UQ
DTIL UQ,DTIL,UQ
DTN UP,DTN,UP
DUG UP,DUG,UP
DUST UP,DUST,UP
DVA UN,DVA,UN
DVAX UR,DVAX,UR
DWAS UQ,DWAS,UQ
DWSN UQ,DWSN,UQ
DWX UP,DWX,UP
DX UN,DX,UN
DXC UN,DXC,UN
DXD UP,DXD,UP
DXJS UQ,DXJS,UQ
DXLG UV,DXLG,UV
DXPE UQ,DXPE,UQ
DXYN UQ,DXYN,UQ
DY UN,DY,UN
DYAI UR,DYAI,UR
DYN UQ,DYN,UQ
DZSI UR,DZSI,UR
EAF UN,EAF,UN
EARS UR,EARS,UR
EAT UN,EAT,UN
EB UN,EB,UN
EBF UN,EBF,UN
EBIX UQ,EBIX,UQ
EBND UP,EBND,UP
EBSB UQ,EBSB,UQ
ECHO UQ,ECHO,UQ
ECL UN,ECL,UN
ECNS UP,ECNS,UP
ECOL UQ,ECOL,UQ
ECOM UN,ECOM,UN
ECPG UQ,ECPG,UQ
ECTE UV,ECTE,UV
ED UN,ED,UN
EDIT UQ,EDIT,UQ
EDIV UP,EDIV,UP
EDOC UQ,EDOC,UQ
EDZ UP,EDZ,UP
EEFT UQ,EEFT,UQ
EELV UP,EELV,UP
EEMV UF,EEMV,UF
EET UP,EET,UP
EEV UP,EEV,UP
EEX UN,EEX,UN
EFAV UF,EFAV,UF
EFC UN,EFC,UN
EFG UF,EFG,UF
EFOI UR,EFOI,UR
EFSC UQ,EFSC,UQ
EFU UP,EFU,UP
EFV UF,EFV,UF
EFX UN,EFX,UN
EFZ UP,EFZ,UP
EGAN UR,EGAN,UR
EGBN UR,EGBN,UR
EGHT UN,EGHT,UN
EGLE UQ,EGLE,UQ
EGO UN,EGO,UN
EGP UN,EGP,UN
EGRX UQ,EGRX,UQ
EGY UN,EGY,UN
EHC UN,EHC,UN
EHTH UQ,EHTH,UQ
EIG UN,EIG,UN
EIGR UQ,EIGR,UQ
EINC UP,EINC,UP
EIX UN,EIX,UN
EKSO UR,EKSO,UR
ELAN UN,ELAN,UN
ELD UP,ELD,UP
ELF UN,ELF,UN
ELOX UQ,ELOX,UQ
ELS UN,ELS,UN
ELY UN,ELY,UN
EMAN UA,EMAN,UA
EME UN,EME,UN
EMKR UQ,EMKR,UQ
EMLP UP,EMLP,UP
EMN UN,EMN,UN
ENBL UN,ENBL,UN
ENIC UN,ENIC,UN
ENLC UN,ENLC,UN
ENR UN,ENR,UN
ENS UN,ENS,UN
ENSG UQ,ENSG,UQ
ENTA UQ,ENTA,UQ
ENTG UQ,ENTG,UQ
ENV UN,ENV,UN
ENVA UN,ENVA,UN
ENVI UR,ENVI,UR
ENZ UN,ENZ,UN
ENZL UQ,ENZL,UQ
ENZN UV,ENZN,UV
EOLS UQ,EOLS,UQ
EPAC UN,EPAC,UN
EPAM UN,EPAM,UN
EPAY UQ,EPAY,UQ
EPC UN,EPC,UN
EPD UN,EPD,UN
EPM UA,EPM,UA
EPOL UP,EPOL,UP
EPR UN,EPR,UN
EPV UP,EPV,UP
EPZM UQ,EPZM,UQ
EQC UN,EQC,UN
EQH UN,EQH,UN
EQNR UN,EQNR,UN
EQT UN,EQT,UN
ERIE UQ,ERIE,UQ
ERII UQ,ERII,UQ
ERINQ UV,ERINQ,UV
ERLFF UV,ERLFF,UV
ERUS UP,ERUS,UP
ERX UP,ERX,UP
ERY UP,ERY,UP
ES UN,ES,UN
ESCA UQ,ESCA,UQ
ESCR UF,ESCR,UF
ESEA UR,ESEA,UR
ESGU UQ,ESGU,UQ
ESI UN,ESI,UN
ESINQ UV,ESINQ,UV
ESNT UN,ESNT,UN
ESPO UQ,ESPO,UQ
ESPR UQ,ESPR,UQ
ESRT UN,ESRT,UN
ESS UN,ESS,UN
ESTC UN,ESTC,UN
ET UN,ET,UN
ETH UN,ETH,UN
ETRN UN,ETRN,UN
ETSY UQ,ETSY,UQ
EUM UP,EUM,UP
EUO UP,EUO,UP
EURL UP,EURL,UP
EUSC UP,EUSC,UP
EVA UN,EVA,UN
EVBG UQ,EVBG,UQ
EVC UN,EVC,UN
EVER UQ,EVER,UQ
EVFM UR,EVFM,UR
EVH UN,EVH,UN
EVOL UR,EVOL,UR
EVOP UQ,EVOP,UQ
EVR UN,EVR,UN
EVRG UN,EVRG,UN
EVRI UN,EVRI,UN
EVTC UN,EVTC,UN
EWBC UQ,EWBC,UQ
EWD UP,EWD,UP
EWK UP,EWK,UP
EWN UP,EWN,UP
EWO UP,EWO,UP
EWV UP,EWV,UP
EWX UP,EWX,UP
EXAS UR,EXAS,UR
EXEL UQ,EXEL,UQ
EXK UN,EXK,UN
EXLS UQ,EXLS,UQ
EXP UN,EXP,UN
EXPD UQ,EXPD,UQ
EXPO UQ,EXPO,UQ
EXPR UN,EXPR,UN
EXR UN,EXR,UN
EXTN UN,EXTN,UN
EXTR UQ,EXTR,UQ
EYE UQ,EYE,UQ
EYES UR,EYES,UR
EYPT UQ,EYPT,UQ
EZPW UQ,EZPW,UQ
FAF UN,FAF,UN
FALC UV,FALC,UV
FANG UQ,FANG,UQ
FANH UQ,FANH,UQ
FARO UQ,FARO,UQ
FAS UP,FAS,UP
FAST UQ,FAST,UQ
FATE UQ,FATE,UQ
FAZ UP,FAZ,UP
FBC UN,FBC,UN
FBHS UN,FBHS,UN
FBIO UR,FBIO,UR
FBIZ UQ,FBIZ,UQ
FBNC UQ,FBNC,UQ
FBP UN,FBP,UN
FBT UP,FBT,UP
FC UN,FC,UN
FCBC UQ,FCBC,UQ
FCEL UQ,FCEL,UQ
FCF UN,FCF,UN
FCFS UQ,FCFS,UQ
FCG UP,FCG,UP
FCN UN,FCN,UN
FCNCA UQ,FCNCA,UQ
FCPT UN,FCPT,UN
FDD UP,FDD,UP
FDIS UP,FDIS,UP
FDL UP,FDL,UP
FDN UP,FDN,UP
FDP UN,FDP,UN
FDS UN,FDS,UN
FDUS UQ,FDUS,UQ
FE UN,FE,UN
FELE UQ,FELE,UQ
FEM UQ,FEM,UQ
FENY UP,FENY,UP
FEP UQ,FEP,UQ
FET UN,FET,UN
FEX UQ,FEX,UQ
FEYE UQ,FEYE,UQ
FF UN,FF,UN
FFBC UQ,FFBC,UQ
FFG UN,FFG,UN
FFIC UQ,FFIC,UQ
FFIN UQ,FFIN,UQ
FFIV UQ,FFIV,UQ
FFNW UQ,FFNW,UQ
FGEN UQ,FGEN,UQ
FHB UQ,FHB,UQ
FHLC UP,FHLC,UP
FHN UN,FHN,UN
FI UN,FI,UN
FIBK UQ,FIBK,UQ
FICO UN,FICO,UN
FIDU UP,FIDU,UP
FINV UN,FINV,UN
FISI UQ,FISI,UQ
FISV UQ,FISV,UQ
FITB UQ,FITB,UQ
FIVE UQ,FIVE,UQ
FIVN UQ,FIVN,UQ
FIW UP,FIW,UP
FIX UN,FIX,UN
FIXX UQ,FIXX,UQ
FIZZ UQ,FIZZ,UQ
FL UN,FL,UN
FLDM UQ,FLDM,UQ
FLEX UQ,FLEX,UQ
FLGT UQ,FLGT,UQ
FLIC UR,FLIC,UR
FLIR UQ,FLIR,UQ
FLNT UQ,FLNT,UQ
FLO UN,FLO,UN
FLOW UN,FLOW,UN
FLS UN,FLS,UN
FLT UN,FLT,UN
FLWS UQ,FLWS,UQ
FLXN UQ,FLXN,UQ
FM UP,FM,UP
FMAT UP,FMAT,UP
FMBI UQ,FMBI,UQ
FMC UN,FMC,UN
FMNB UR,FMNB,UR
FN UN,FN,UN
FNB UN,FNB,UN
FNCL UP,FNCL,UP
FND UN,FND,UN
FNDA UP,FNDA,UP
FNDE UP,FNDE,UP
FNDF UP,FNDF,UP
FNDX UP,FNDX,UP
FNF UN,FNF,UN
FNHC UQ,FNHC,UQ
FNKO UQ,FNKO,UQ
FNLC UQ,FNLC,UQ
FNV UN,FNV,UN
FOE UN,FOE,UN
FOLD UQ,FOLD,UQ
FOR UN,FOR,UN
FORM UQ,FORM,UQ
FORR UQ,FORR,UQ
FOUR UN,FOUR,UN
FOX UQ,FOX,UQ
FOXF UQ,FOXF,UQ
FPE UP,FPE,UP
FPI UN,FPI,UN
FRAK UP,FRAK,UP
FRBK UQ,FRBK,UQ
FRC UN,FRC,UN
FRFHF UV,FRFHF,UV
FRGI UQ,FRGI,UQ
FRI UP,FRI,UP
FRME UQ,FRME,UQ
FRO UN,FRO,UN
FRPT UQ,FRPT,UQ
FRT UN,FRT,UN
FRTA UQ,FRTA,UQ
FSK UN,FSK,UN
FSM UN,FSM,UN
FSP UA,FSP,UA
FSR UN,FSR,UN
FSS UN,FSS,UN
FSTR UQ,FSTR,UQ
FTAG UQ,FTAG,UQ
FTAI UN,FTAI,UN
FTC UQ,FTC,UQ
FTDR UQ,FTDR,UQ
FTEC UP,FTEC,UP
FTEK UR,FTEK,UR
FTGC UQ,FTGC,UQ
FTK UN,FTK,UN
FTNT UQ,FTNT,UQ
FTRCQ UV,FTRCQ,UV
FTRI UQ,FTRI,UQ
FTS UN,FTS,UN
FTSI UA,FTSI,UA
FTV UN,FTV,UN
FUL UN,FUL,UN
FULT UQ,FULT,UQ
FUN UN,FUN,UN
FV UQ,FV,UQ
FVD UP,FVD,UP
FVE UR,FVE,UR
FWONA UQ,FWONA,UQ
FWONK UQ,FWONK,UQ
FWRD UQ,FWRD,UQ
FXA UP,FXA,UP
FXB UP,FXB,UP
FXC UP,FXC,UP
FXD UP,FXD,UP
FXE UP,FXE,UP
FXF UP,FXF,UP
FXG UP,FXG,UP
FXH UP,FXH,UP
FXL UP,FXL,UP
FXN UP,FXN,UP
FXO UP,FXO,UP
FXP UP,FXP,UP
FXR UP,FXR,UP
FXU UP,FXU,UP
FXY UP,FXY,UP
FXZ UP,FXZ,UP
GABC UQ,GABC,UQ
GAIA UQ,GAIA,UQ
GAIN UQ,GAIN,UQ
GALT UR,GALT,UR
GASS UQ,GASS,UQ
GATX UN,GATX,UN
GAZ UP,GAZ,UP
GB UN,GB,UN
GBCI UQ,GBCI,UQ
GBDC UQ,GBDC,UQ
GBLI UQ,GBLI,UQ
GBT UQ,GBT,UQ
GBX UN,GBX,UN
GCI UN,GCI,UN
GCO UN,GCO,UN
GCP UN,GCP,UN
GD UN,GD,UN
GDDY UN,GDDY,UN
GDEN UQ,GDEN,UQ
GDOT UN,GDOT,UN
GDP UA,GDP,UA
GDRX UQ,GDRX,UQ
GECC UQ,GECC,UQ
GEF UN,GEF,UN
GEL UN,GEL,UN
GEM UP,GEM,UP
GEO UN,GEO,UN
GEOS UQ,GEOS,UQ
GERN UQ,GERN,UQ
GES UN,GES,UN
GEVO UR,GEVO,UR
GFF UN,GFF,UN
GFN UQ,GFN,UQ
GGG UN,GGG,UN
GH UQ,GH,UQ
GHC UN,GHC,UN
GHL UN,GHL,UN
GHM UN,GHM,UN
GIB UN,GIB,UN
GIFI UQ,GIFI,UQ
GIGM UR,GIGM,UR
GIII UQ,GIII,UQ
GIL UN,GIL,UN
GILT UQ,GILT,UQ
GKOS UN,GKOS,UN
GL UN,GL,UN
GLAD UQ,GLAD,UQ
GLAE UV,GLAE,UV
GLDD UQ,GLDD,UQ
GLDI UQ,GLDI,UQ
GLL UP,GLL,UP
GLOG UN,GLOG,UN
GLOP UN,GLOP,UN
GLP UN,GLP,UN
GLPI UQ,GLPI,UQ
GLRE UQ,GLRE,UQ
GLT UN,GLT,UN
GLUU UQ,GLUU,UQ
GLYC UQ,GLYC,UQ
GMAB UQ,GMAB,UQ
GMED UN,GMED,UN
GMF UP,GMF,UP
GMS UN,GMS,UN
GNCA UR,GNCA,UR
GNE UN,GNE,UN
GNK UN,GNK,UN
GNL UN,GNL,UN
GNLN UQ,GNLN,UQ
GNR UP,GNR,UP
GNRC UN,GNRC,UN
GNSS UR,GNSS,UR
GNTX UQ,GNTX,UQ
GO UQ,GO,UQ
GOEX UP,GOEX,UP
GOGL UQ,GOGL,UQ
GOGO UQ,GOGO,UQ
GOLF UN,GOLF,UN
GOOD UQ,GOOD,UQ
GORO UA,GORO,UA
GOSS UQ,GOSS,UQ
GOVT UF,GOVT,UF
GPC UN,GPC,UN
GPI UN,GPI,UN
GPK UN,GPK,UN
GPL UA,GPL,UA
GPMT UN,GPMT,UN
GPRE UQ,GPRE,UQ
GPX UN,GPX,UN
GRA UN,GRA,UN
GRBK UR,GRBK,UR
GRC UN,GRC,UN
GREK UP,GREK,UP
GRMN UQ,GRMN,UQ
GROW UR,GROW,UR
GRPN UQ,GRPN,UQ
GRU UP,GRU,UP
GRUB UN,GRUB,UN
GSAT UA,GSAT,UA
GSBC UQ,GSBC,UQ
GSEW UF,GSEW,UF
GSG UP,GSG,UP
GSIE UP,GSIE,UP
GSIH UV,GSIH,UV
GSIT UQ,GSIT,UQ
GSKY UQ,GSKY,UQ
GSL UN,GSL,UN
GSLC UP,GSLC,UP
GSM UR,GSM,UR
GSS UA,GSS,UA
GTE UA,GTE,UA
GTES UN,GTES,UN
GTIM UR,GTIM,UR
GTLS UN,GTLS,UN
GTN UN,GTN,UN
GTS UN,GTS,UN
GTT UN,GTT,UN
GTY UN,GTY,UN
GURE UQ,GURE,UQ
GURU UP,GURU,UP
GUSH UP,GUSH,UP
GVA UN,GVA,UN
GVI UF,GVI,UF
GWB UN,GWB,UN
GWW UN,GWW,UN
GWX UP,GWX,UP
GXC UP,GXC,UP
GXG UP,GXG,UP
GYLD UP,GYLD,UP
HA UQ,HA,UQ
HACK UP,HACK,UP
HAE UN,HAE,UN
HAFC UQ,HAFC,UQ
HAIN UQ,HAIN,UQ
HALL UQ,HALL,UQ
HALO UQ,HALO,UQ
HAS UQ,HAS,UQ
HASI UN,HASI,UN
HAYN UQ,HAYN,UQ
HBAN UQ,HBAN,UQ
HBI UN,HBI,UN
HBIO UQ,HBIO,UQ
HBM UN,HBM,UN
HBNC UQ,HBNC,UQ
HBP UR,HBP,UR
HCAT UQ,HCAT,UQ
HCC UN,HCC,UN
HCCI UQ,HCCI,UQ
HCHC UN,HCHC,UN
HCI UN,HCI,UN
HCKT UQ,HCKT,UQ
HCSG UQ,HCSG,UQ
HDGE UP,HDGE,UP
HDSN UR,HDSN,UR
HDV UP,HDV,UP
HE UN,HE,UN
HEAR UQ,HEAR,UQ
HEES UQ,HEES,UQ
HEFA UF,HEFA,UF
HELE UQ,HELE,UQ
HEP UN,HEP,UN
HESM UN,HESM,UN
HEWG UQ,HEWG,UQ
HEXO UN,HEXO,UN
HEZU UP,HEZU,UP
HFC UN,HFC,UN
HFWA UQ,HFWA,UQ
HGTXU UV,HGTXU,UV
HGV UN,HGV,UN
HHC UN,HHC,UN
HI UN,HI,UN
HIBB UQ,HIBB,UQ
HIG UN,HIG,UN
HII UN,HII,UN
HIL UN,HIL,UN
HIW UN,HIW,UN
HKTVY UV,HKTVY,UV
HL UN,HL,UN
HLI UN,HLI,UN
HLIO UQ,HLIO,UQ
HLIT UQ,HLIT,UQ
HLNE UQ,HLNE,UQ
HLX UN,HLX,UN
HMHC UQ,HMHC,UQ
HMLP UN,HMLP,UN
HMN UN,HMN,UN
HMNY UV,HMNY,UV
HMST UQ,HMST,UQ
HMTV UQ,HMTV,UQ
HNGR UN,HNGR,UN
HNI UN,HNI,UN
HNRG UR,HNRG,UR
HOFT UQ,HOFT,UQ
HOG UN,HOG,UN
HOLX UQ,HOLX,UQ
HOMB UQ,HOMB,UQ
HOPE UQ,HOPE,UQ
HOV UN,HOV,UN
HP UN,HP,UN
HPE UN,HPE,UN
HPP UN,HPP,UN
HQY UQ,HQY,UQ
HR UN,HR,UN
HRB UN,HRB,UN
HRC UN,HRC,UN
HRL UN,HRL,UN
HROW UQ,HROW,UQ
HRTG UN,HRTG,UN
HRTX UR,HRTX,UR
HRZN UQ,HRZN,UQ
HSC UN,HSC,UN
HSIC UQ,HSIC,UQ
HSII UQ,HSII,UQ
HST UQ,HST,UQ
HSTM UQ,HSTM,UQ
HSY UN,HSY,UN
HT UN,HT,UN
HTA UN,HTA,UN
HTBI UQ,HTBI,UQ
HTBK UQ,HTBK,UQ
HTGC UN,HTGC,UN
HTGM UR,HTGM,UR
HTH UN,HTH,UN
HTLD UQ,HTLD,UQ
HTLF UQ,HTLF,UQ
HUBB UN,HUBB,UN
HUBG UQ,HUBG,UQ
HUBS UN,HUBS,UN
HUM UN,HUM,UN
HUN UN,HUN,UN
HURN UQ,HURN,UQ
HUSA UA,HUSA,UA
HVT UN,HVT,UN
HWC UQ,HWC,UQ
HWCC UQ,HWCC,UQ
HWKN UQ,HWKN,UQ
HXL UN,HXL,UN
HY UN,HY,UN
HYD UF,HYD,UF
HYGH UP,HYGH,UP
HYLB UP,HYLB,UP
HYLN UN,HYLN,UN
HYMB UP,HYMB,UP
HYRE UR,HYRE,UR
HYS UP,HYS,UP
HYXU UF,HYXU,UF
HZN UN,HZN,UN
HZNP UQ,HZNP,UQ
HZO UN,HZO,UN
IAA UN,IAA,UN
IAC UQ,IAC,UQ
IAI UP,IAI,UP
IART UQ,IART,UQ
IAT UP,IAT,UP
IAU UP,IAU,UP
IBCP UQ,IBCP,UQ
IBKR UQ,IBKR,UQ
IBOC UQ,IBOC,UQ
IBP UN,IBP,UN
IBTX UQ,IBTX,UQ
ICD UN,ICD,UN
ICF UF,ICF,UF
ICFI UQ,ICFI,UQ
ICHR UQ,ICHR,UQ
ICLD UV,ICLD,UV
ICLN UQ,ICLN,UQ
ICLR UQ,ICLR,UQ
ICMB UQ,ICMB,UQ
ICON UQ,ICON,UQ
ICPT UQ,ICPT,UQ
ICUI UQ,ICUI,UQ
IDA UN,IDA,UN
IDCC UQ,IDCC,UQ
IDEX UR,IDEX,UR
IDN UQ,IDN,UQ
IDRA UR,IDRA,UR
IDT UN,IDT,UN
IDU UP,IDU,UP
IDV UF,IDV,UF
IDXX UQ,IDXX,UQ
IEFA UF,IEFA,UF
IEO UF,IEO,UF
IEP UQ,IEP,UQ
IEV UP,IEV,UP
IEX UN,IEX,UN
IEZ UP,IEZ,UP
IFF UN,IFF,UN
IFGL UQ,IFGL,UQ
IFN UN,IFN,UN
IGC UA,IGC,UA
IGE UF,IGE,UF
IGF UQ,IGF,UQ
IGM UP,IGM,UP
IGMS UQ,IGMS,UQ
IGN UP,IGN,UP
IGOV UQ,IGOV,UQ
IGT UN,IGT,UN
IGV UF,IGV,UF
IHAK UP,IHAK,UP
IHDG UP,IHDG,UP
IHE UP,IHE,UP
IHF UP,IHF,UP
IHG UN,IHG,UN
IHY UP,IHY,UP
IIIN UN,IIIN,UN
IIIV UQ,IIIV,UQ
IIN UQ,IIN,UQ
IIPR UN,IIPR,UN
IIVI UQ,IIVI,UQ
IJJ UP,IJJ,UP
IJK UP,IJK,UP
IJS UP,IJS,UP
IJT UQ,IJT,UQ
ILPT UQ,ILPT,UQ
IMAX UN,IMAX,UN
IMBI UR,IMBI,UR
IMGN UQ,IMGN,UQ
IMH UA,IMH,UA
IMKTA UQ,IMKTA,UQ
IMLP UF,IMLP,UF
IMMR UQ,IMMR,UQ
IMO UA,IMO,UA
IMOS UQ,IMOS,UQ
IMUC UV,IMUC,UV
IMUX UQ,IMUX,UQ
INDB UQ,INDB,UQ
INDL UP,INDL,UP
INDY UQ,INDY,UQ
INFI UQ,INFI,UQ
INFN UQ,INFN,UQ
INGN UQ,INGN,UQ
INGR UN,INGR,UN
INN UN,INN,UN
INOD UQ,INOD,UQ
INOV UQ,INOV,UQ
INSG UQ,INSG,UQ
INSM UQ,INSM,UQ
INSP UN,INSP,UN
INSW UN,INSW,UN
INT UN,INT,UN
INTF UP,INTF,UP
INTU UQ,INTU,UQ
INVA UQ,INVA,UQ
INVE UR,INVE,UR
INVH UN,INVH,UN
IO UN,IO,UN
IONS UQ,IONS,UQ
IOSP UQ,IOSP,UQ
IOVA UQ,IOVA,UQ
IP UN,IP,UN
IPAR UQ,IPAR,UQ
IPAY UP,IPAY,UP
IPFF UF,IPFF,UF
IPG UN,IPG,UN
IPGP UQ,IPGP,UQ
IPI UN,IPI,UN
IPO UP,IPO,UP
IQDF UP,IQDF,UP
IR UN,IR,UN
IRBO UP,IRBO,UP
IRDM UQ,IRDM,UQ
IRM UN,IRM,UN
IRS UN,IRS,UN
IRT UN,IRT,UN
IRTC UQ,IRTC,UQ
IRWD UQ,IRWD,UQ
ISBC UQ,ISBC,UQ
ISEE UQ,ISEE,UQ
ISIG UR,ISIG,UR
ISLE UR,ISLE,UR
ISRA UP,ISRA,UP
ISSC UQ,ISSC,UQ
IT UN,IT,UN
ITA UF,ITA,UF
ITB UF,ITB,UF
ITCI UQ,ITCI,UQ
ITGR UN,ITGR,UN
ITI UR,ITI,UR
ITM UF,ITM,UF
ITOT UP,ITOT,UP
ITRI UQ,ITRI,UQ
ITT UN,ITT,UN
IUSG UQ,IUSG,UQ
IUSV UQ,IUSV,UQ
IVAC UQ,IVAC,UQ
IVC UN,IVC,UN
IVR UN,IVR,UN
IVW UP,IVW,UP
IWC UP,IWC,UP
IWP UP,IWP,UP
IWR UP,IWR,UP
IWS UP,IWS,UP
IXC UP,IXC,UP
IXJ UP,IXJ,UP
IXN UP,IXN,UP
IXP UP,IXP,UP
IXUS UQ,IXUS,UQ
IYE UP,IYE,UP
IYF UP,IYF,UP
IYG UP,IYG,UP
IYH UP,IYH,UP
IYJ UF,IYJ,UF
IYM UP,IYM,UP
IYR UP,IYR,UP
IYT UF,IYT,UF
IYW UP,IYW,UP
IYZ UF,IYZ,UF
J UN,J,UN
JACK UQ,JACK,UQ
JAKK UQ,JAKK,UQ
JAX UN,JAX,UN
JAZZ UQ,JAZZ,UQ
JBGS UN,JBGS,UN
JBHT UQ,JBHT,UQ
JBL UN,JBL,UN
JBLU UQ,JBLU,UQ
JBSS UQ,JBSS,UQ
JBT UN,JBT,UN
JCOM UQ,JCOM,UQ
JDST UP,JDST,UP
JEF UN,JEF,UN
JELD UN,JELD,UN
JETS UP,JETS,UP
JILL UN,JILL,UN
JJC UP,JJC,UP
JJCTF UV,JJCTF,UV
JJG UP,JJG,UP
JJGTF UV,JJGTF,UV
JJOFF UV,JJOFF,UV
JJSF UQ,JJSF,UQ
JKHY UQ,JKHY,UQ
JLL UN,JLL,UN
JNCE UQ,JNCE,UQ
JNUG UP,JNUG,UP
JO UP,JO,UP
JOE UN,JOE,UN
JP UN,JP,UN
JPEM UP,JPEM,UP
JPIN UP,JPIN,UP
JPUS UP,JPUS,UP
JRJC UQ,JRJC,UQ
JRVR UQ,JRVR,UQ
JUST UP,JUST,UP
JW/A UN,JW/A,UN
JXI UP,JXI,UP
JYNT UR,JYNT,UR
KAI UN,KAI,UN
KALA UQ,KALA,UQ
KALU UQ,KALU,UQ
KAMN UN,KAMN,UN
KAR UN,KAR,UN
KBA UP,KBA,UP
KBAL UQ,KBAL,UQ
KBH UN,KBH,UN
KBR UN,KBR,UN
KBWB UQ,KBWB,UQ
KCE UP,KCE,UP
KDMN UQ,KDMN,UQ
KDP UQ,KDP,UQ
KE UQ,KE,UQ
KEGX UV,KEGX,UV
KELYA UQ,KELYA,UQ
KEX UN,KEX,UN
KEY UN,KEY,UN
KEYS UN,KEYS,UN
KFRC UQ,KFRC,UQ
KFY UN,KFY,UN
KIDS UQ,KIDS,UQ
KIE UP,KIE,UP
KIM UN,KIM,UN
KIRK UQ,KIRK,UQ
KKR UN,KKR,UN
KLIC UQ,KLIC,UQ
KLXE UQ,KLXE,UQ
KMPH UR,KMPH,UR
KMPR UN,KMPR,UN
KMT UN,KMT,UN
KMX UN,KMX,UN
KNDI UQ,KNDI,UQ
KNL UN,KNL,UN
KNOP UN,KNOP,UN
KNSL UQ,KNSL,UQ
KNX UN,KNX,UN
KOD UQ,KOD,UQ
KODK UN,KODK,UN
KOLD UP,KOLD,UP
KONAQ UV,KONAQ,UV
KOP UN,KOP,UN
KOPN UR,KOPN,UR
KOS UN,KOS,UN
KPTI UQ,KPTI,UQ
KRA UN,KRA,UN
KRC UN,KRC,UN
KRG UN,KRG,UN
KRNT UQ,KRNT,UQ
KRNY UQ,KRNY,UQ
KRO UN,KRO,UN
KRP UN,KRP,UN
KSA UP,KSA,UP
KTCC UQ,KTCC,UQ
KTOS UQ,KTOS,UQ
KURA UQ,KURA,UQ
KVHI UQ,KVHI,UQ
KW UN,KW,UN
KWR UN,KWR,UN
KXI UP,KXI,UP
KYN UN,KYN,UN
L UN,L,UN
LABD UP,LABD,UP
LABU UP,LABU,UP
LAD UN,LAD,UN
LADR UN,LADR,UN
LAKE UQ,LAKE,UQ
LAMR UQ,LAMR,UQ
LANC UQ,LANC,UQ
LAUR UQ,LAUR,UQ
LAZ UN,LAZ,UN
LAZR UQ,LAZR,UQ
LBAI UQ,LBAI,UQ
LBJ UP,LBJ,UP
LBRDA UQ,LBRDA,UQ
LBRDK UQ,LBRDK,UQ
LBTYA UQ,LBTYA,UQ
LBTYK UQ,LBTYK,UQ
LC UN,LC,UN
LCI UN,LCI,UN
LCII UN,LCII,UN
LCNB UR,LCNB,UR
LCTX UA,LCTX,UA
LCUT UQ,LCUT,UQ
LDL UN,LDL,UN
LDOS UN,LDOS,UN
LE UR,LE,UR
LEA UN,LEA,UN
LEAF UN,LEAF,UN
LECO UQ,LECO,UQ
LEE UQ,LEE,UQ
LEJU UN,LEJU,UN
LEMB UP,LEMB,UP
LEVI UN,LEVI,UN
LFIN UV,LFIN,UV
LFUS UQ,LFUS,UQ
LFVN UR,LFVN,UR
LGF/A UN,LGF/A,UN
LGIH UQ,LGIH,UQ
LGND UQ,LGND,UQ
LHCG UQ,LHCG,UQ
LHX UN,LHX,UN
LIFE UR,LIFE,UR
LII UN,LII,UN
LILA UQ,LILA,UQ
LILAK UQ,LILAK,UQ
LINC UQ,LINC,UQ
LINUF UV,LINUF,UV
LIQT UR,LIQT,UR
LIT UP,LIT,UP
LITE UQ,LITE,UQ
LIVE UR,LIVE,UR
LIVN UQ,LIVN,UQ
LJPC UR,LJPC,UR
LKFN UQ,LKFN,UQ
LKQ UQ,LKQ,UQ
LL UN,LL,UN
LLNW UQ,LLNW,UQ
LMAT UQ,LMAT,UQ
LMNR UQ,LMNR,UQ
LMNX UQ,LMNX,UQ
LMRK UQ,LMRK,UQ
LNC UN,LNC,UN
LNDC UQ,LNDC,UQ
LNG UA,LNG,UA
LNN UN,LNN,UN
LNT UQ,LNT,UQ
LNTH UQ,LNTH,UQ
LOB UQ,LOB,UQ
LOCO UQ,LOCO,UQ
LODE UA,LODE,UA
LOMA UN,LOMA,UN
LONE UV,LONE,UV
LOOP UQ,LOOP,UQ
LOPE UQ,LOPE,UQ
LORL UQ,LORL,UQ
LOV UA,LOV,UA
LOVE UQ,LOVE,UQ
LPCN UR,LPCN,UR
LPG UN,LPG,UN
LPI UN,LPI,UN
LPLA UQ,LPLA,UQ
LPSN UQ,LPSN,UQ
LPX UN,LPX,UN
LQDH UP,LQDH,UP
LQDT UQ,LQDT,UQ
LRN UN,LRN,UN
LSCC UQ,LSCC,UQ
LSI UN,LSI,UN
LSTR UQ,LSTR,UQ
LSXMA UQ,LSXMA,UQ
LSXMK UQ,LSXMK,UQ
LTBR UR,LTBR,UR
LTC UN,LTC,UN
LTHM UN,LTHM,UN
LTPZ UP,LTPZ,UP
LTRPA UQ,LTRPA,UQ
LUB UN,LUB,UN
LUMN UN,LUMN,UN
LW UN,LW,UN
LXFR UN,LXFR,UN
LXP UN,LXP,UN
LXRX UQ,LXRX,UQ
LXU UN,LXU,UN
LYTS UQ,LYTS,UQ
LYV UN,LYV,UN
LZB UN,LZB,UN
MAA UN,MAA,UN
MAC UN,MAC,UN
MACK UQ,MACK,UQ
MAG UA,MAG,UA
MAGA UF,MAGA,UF
MAGS UQ,MAGS,UQ
MAIN UN,MAIN,UN
MANH UQ,MANH,UQ
MANT UQ,MANT,UQ
MANU UN,MANU,UN
MARA UR,MARA,UR
MARK UR,MARK,UR
MAS UN,MAS,UN
MASI UQ,MASI,UQ
MATW UQ,MATW,UQ
MATX UN,MATX,UN
MAXR UN,MAXR,UN
MBB UQ,MBB,UQ
MBI UN,MBI,UN
MBII UR,MBII,UR
MBIN UR,MBIN,UR
MBIO UQ,MBIO,UQ
MBUU UQ,MBUU,UQ
MBWM UQ,MBWM,UQ
MCBC UQ,MCBC,UQ
MCF UA,MCF,UA
MCFE UQ,MCFE,UQ
MCFT UQ,MCFT,UQ
MCHP UQ,MCHP,UQ
MCHX UQ,MCHX,UQ
MCRB UQ,MCRB,UQ
MCRI UQ,MCRI,UQ
MCS UN,MCS,UN
MCY UN,MCY,UN
MD UN,MD,UN
MDB UQ,MDB,UQ
MDC UN,MDC,UN
MDCA UQ,MDCA,UQ
MDGL UQ,MDGL,UQ
MDIV UQ,MDIV,UQ
MDLA UN,MDLA,UN
MDP UN,MDP,UN
MDRX UQ,MDRX,UQ
MDU UN,MDU,UN
MDWD UQ,MDWD,UQ
MDXG UR,MDXG,UR
MED UN,MED,UN
MEDP UQ,MEDP,UQ
MEG UN,MEG,UN
MEI UN,MEI,UN
MEIP UR,MEIP,UR
MEOH UQ,MEOH,UQ
MERC UQ,MERC,UQ
MESA UQ,MESA,UQ
MEXX UP,MEXX,UP
MFA UN,MFA,UN
MFC UN,MFC,UN
MFIN UQ,MFIN,UQ
MG UN,MG,UN
MGA UN,MGA,UN
MGC UP,MGC,UP
MGEE UQ,MGEE,UQ
MGI UQ,MGI,UQ
MGIC UQ,MGIC,UQ
MGK UP,MGK,UP
MGLN UQ,MGLN,UQ
MGNX UQ,MGNX,UQ
MGP UN,MGP,UN
MGPI UQ,MGPI,UQ
MGRC UQ,MGRC,UQ
MGTA UQ,MGTA,UQ
MGTX UQ,MGTX,UQ
MGV UP,MGV,UP
MHK UN,MHK,UN
MHLD UR,MHLD,UR
MHO UN,MHO,UN
MIC UN,MIC,UN
MIDD UQ,MIDD,UQ
MIDU UP,MIDU,UP
MIME UQ,MIME,UQ
MIND UQ,MIND,UQ
MITK UR,MITK,UR
MITT UN,MITT,UN
MKC UN,MKC,UN
MKL UN,MKL,UN
MKSI UQ,MKSI,UQ
MKTX UQ,MKTX,UQ
MLHR UQ,MLHR,UQ
MLI UN,MLI,UN
MLM UN,MLM,UN
MLND UR,MLND,UR
MLPA UP,MLPA,UP
MLPX UP,MLPX,UP
MLR UN,MLR,UN
MMC UN,MMC,UN
MMI UN,MMI,UN
MMLP UQ,MMLP,UQ
MMP UN,MMP,UN
MMS UN,MMS,UN
MMSI UQ,MMSI,UQ
MMYT UQ,MMYT,UQ
MN UN,MN,UN
MNKD UQ,MNKD,UQ
MNOV UQ,MNOV,UQ
MNR UN,MNR,UN
MNRO UQ,MNRO,UQ
MNST UQ,MNST,UQ
MNTX UR,MNTX,UR
MOAT UF,MOAT,UF
MOD UN,MOD,UN
MODN UN,MODN,UN
MOH UN,MOH,UN
MON UR,MON,UR
MOO UP,MOO,UP
MORN UQ,MORN,UQ
MOSY UR,MOSY,UR
MOV UN,MOV,UN
MPAA UQ,MPAA,UQ
MPC UN,MPC,UN
MPLX UN,MPLX,UN
MPW UN,MPW,UN
MPWR UQ,MPWR,UQ
MPX UN,MPX,UN
MRC UN,MRC,UN
MRCC UQ,MRCC,UQ
MRCY UQ,MRCY,UQ
MREO UQ,MREO,UQ
MRGE UV,MRGE,UV
MRIN UQ,MRIN,UQ
MRKR UQ,MRKR,UQ
MRLN UQ,MRLN,UQ
MRNS UQ,MRNS,UQ
MRTN UQ,MRTN,UQ
MRTX UQ,MRTX,UQ
MSA UN,MSA,UN
MSB UN,MSB,UN
MSCI UN,MSCI,UN
MSEX UQ,MSEX,UQ
MSGN UN,MSGN,UN
MSI UN,MSI,UN
MSM UN,MSM,UN
MSON UQ,MSON,UQ
MSTR UQ,MSTR,UQ
MTB UN,MTB,UN
MTCH UQ,MTCH,UQ
MTD UN,MTD,UN
MTDR UN,MTDR,UN
MTEM UQ,MTEM,UQ
MTG UN,MTG,UN
MTH UN,MTH,UN
MTN UN,MTN,UN
MTOR UN,MTOR,UN
MTRN UN,MTRN,UN
MTRX UQ,MTRX,UQ
MTSI UQ,MTSI,UQ
MTW UN,MTW,UN
MTZ UN,MTZ,UN
MUB UP,MUB,UP
MUFG UN,MUFG,UN
MUNI UP,MUNI,UP
MUSA UN,MUSA,UN
MUX UN,MUX,UN
MVIS UQ,MVIS,UQ
MVO UN,MVO,UN
MVV UP,MVV,UP
MWA UN,MWA,UN
MX UN,MX,UN
MXI UP,MXI,UP
MXIM UQ,MXIM,UQ
MXL UN,MXL,UN
MYE UN,MYE,UN
MYGN UQ,MYGN,UQ
MYOV UN,MYOV,UN
MYRG UQ,MYRG,UQ
MYY UP,MYY,UP
MZZ UP,MZZ,UP
NAK UA,NAK,UA
NAT UN,NAT,UN
NATI UQ,NATI,UQ
NATR UR,NATR,UR
NAV UN,NAV,UN
NAVB UA,NAVB,UA
NAVI UQ,NAVI,UQ
NBEV UR,NBEV,UR
NBHC UN,NBHC,UN
NBIX UQ,NBIX,UQ
NBLX UQ,NBLX,UQ
NBR UN,NBR,UN
NBRV UQ,NBRV,UQ
NBSE UR,NBSE,UR
NBTB UQ,NBTB,UQ
NCMI UQ,NCMI,UQ
NCNO UQ,NCNO,UQ
NCR UN,NCR,UN
NDLS UQ,NDLS,UQ
NDSN UQ,NDSN,UQ
NEO UR,NEO,UR
NEOG UQ,NEOG,UQ
NEON UR,NEON,UR
NEP UN,NEP,UN
NEPT UR,NEPT,UR
NERD UP,NERD,UP
NERV UQ,NERV,UQ
NES UA,NES,UA
NET UN,NET,UN
NEU UN,NEU,UN
NEWR UN,NEWR,UN
NEWT UQ,NEWT,UQ
NEX UN,NEX,UN
NFBK UQ,NFBK,UQ
NFG UN,NFG,UN
NG UA,NG,UA
NGD UA,NGD,UA
NGL UN,NGL,UN
NGM UQ,NGM,UQ
NGS UN,NGS,UN
NGVC UN,NGVC,UN
NGVT UN,NGVT,UN
NH UQ,NH,UQ
NHC UA,NHC,UA
NHI UN,NHI,UN
NHTC UR,NHTC,UR
NI UN,NI,UN
NIB UP,NIB,UP
NINE UN,NINE,UN
NJR UN,NJR,UN
NKLA UQ,NKLA,UQ
NKTR UQ,NKTR,UQ
NL UN,NL,UN
NLOK UQ,NLOK,UQ
NLS UN,NLS,UN
NLSN UN,NLSN,UN
NLST UV,NLST,UV
NLTX UQ,NLTX,UQ
NLY UN,NLY,UN
NM UN,NM,UN
NMFC UQ,NMFC,UQ
NMIH UQ,NMIH,UQ
NMM UN,NMM,UN
NMRK UQ,NMRK,UQ
NNA UN,NNA,UN
NNBR UQ,NNBR,UQ
NNI UN,NNI,UN
NNN UN,NNN,UN
NNOX UQ,NNOX,UQ
NNVC UA,NNVC,UA
NOA UN,NOA,UN
NOBL UF,NOBL,UF
NOG UA,NOG,UA
NOMD UN,NOMD,UN
NORNQ UV,NORNQ,UV
NOVA UN,NOVA,UN
NOVT UQ,NOVT,UQ
NP UN,NP,UN
NPO UN,NPO,UN
NPTN UN,NPTN,UN
NR UN,NR,UN
NRG UN,NRG,UN
NRP UN,NRP,UN
NRT UN,NRT,UN
NRZ UN,NRZ,UN
NS UN,NS,UN
NSA UN,NSA,UN
NSH UN,NSH,UN
NSIT UQ,NSIT,UQ
NSP UN,NSP,UN
NSSC UQ,NSSC,UQ
NSTG UQ,NSTG,UQ
NTAP UQ,NTAP,UQ
NTCT UQ,NTCT,UQ
NTEC UR,NTEC,UR
NTGR UQ,NTGR,UQ
NTLA UQ,NTLA,UQ
NTNX UQ,NTNX,UQ
NTP UN,NTP,UN
NTRA UQ,NTRA,UQ
NTRS UQ,NTRS,UQ
NTTYY UV,NTTYY,UV
NTUS UQ,NTUS,UQ
NTWK UR,NTWK,UR
NUAN UQ,NUAN,UQ
NUGT UP,NUGT,UP
NUVA UQ,NUVA,UQ
NVAX UQ,NVAX,UQ
NVCR UQ,NVCR,UQ
NVEE UR,NVEE,UR
NVFY UR,NVFY,UR
NVGS UN,NVGS,UN
NVIV UR,NVIV,UR
NVMI UQ,NVMI,UQ
NVRO UN,NVRO,UN
NVST UN,NVST,UN
NVT UN,NVT,UN
NVTA UN,NVTA,UN
NWBI UQ,NWBI,UQ
NWBO UV,NWBO,UV
NWE UQ,NWE,UQ
NWL UQ,NWL,UQ
NWN UN,NWN,UN
NWPX UQ,NWPX,UQ
NWS UQ,NWS,UQ
NWSA UQ,NWSA,UQ
NX UN,NX,UN
NXGN UQ,NXGN,UQ
NXRT UN,NXRT,UN
NXST UQ,NXST,UQ
NXTC UQ,NXTC,UQ
NXTD UR,NXTD,UR
NYCB UN,NYCB,UN
NYMT UQ,NYMT,UQ
NYMX UR,NYMX,UR
NYT UN,NYT,UN
O UN,O,UN
OAS UQ,OAS,UQ
OBLN UR,OBLN,UR
OC UN,OC,UN
OCFC UQ,OCFC,UQ
OCN UN,OCN,UN
OCSL UQ,OCSL,UQ
OCUL UQ,OCUL,UQ
OCX UQ,OCX,UQ
ODFL UQ,ODFL,UQ
ODP UQ,ODP,UQ
ODT UQ,ODT,UQ
OEC UN,OEC,UN
OEF UP,OEF,UP
OESX UR,OESX,UR
OFC UN,OFC,UN
OFG UN,OFG,UN
OFIX UQ,OFIX,UQ
OGE UN,OGE,UN
OGI UQ,OGI,UQ
OGS UN,OGS,UN
OHI UN,OHI,UN
OI UN,OI,UN
OII UN,OII,UN
OIIM UQ,OIIM,UQ
OIL UP,OIL,UP
OILNF UV,OILNF,UV
OIS UN,OIS,UN
OKE UN,OKE,UN
OLED UQ,OLED,UQ
OLLI UQ,OLLI,UQ
OLN UN,OLN,UN
OLP UN,OLP,UN
OMCL UQ,OMCL,UQ
OMER UQ,OMER,UQ
OMEX UR,OMEX,UR
OMF UN,OMF,UN
OMI UN,OMI,UN
OMP UQ,OMP,UQ
ON UQ,ON,UQ
ONB UQ,ONB,UQ
ONCT UR,ONCT,UR
ONCY UR,ONCY,UR
ONE UN,ONE,UN
ONTO UN,ONTO,UN
ONTX UR,ONTX,UR
ONVO UR,ONVO,UR
OOMA UN,OOMA,UN
OPI UQ,OPI,UQ
OPK UQ,OPK,UQ
OPRX UR,OPRX,UR
OPTT UR,OPTT,UR
OPY UN,OPY,UN
ORBC UQ,ORBC,UQ
ORC UN,ORC,UN
ORI UN,ORI,UN
ORLY UQ,ORLY,UQ
ORMP UR,ORMP,UR
ORN UN,ORN,UN
OSBC UQ,OSBC,UQ
OSCR UN,OSCR,UN
OSG UN,OSG,UN
OSIS UQ,OSIS,UQ
OSK UN,OSK,UN
OSTK UQ,OSTK,UQ
OSUR UQ,OSUR,UQ
OSW UR,OSW,UR
OTIC UQ,OTIC,UQ
OTIS UN,OTIS,UN
OTTR UQ,OTTR,UQ
OUNZ UP,OUNZ,UP
OUSA UF,OUSA,UF
OUT UN,OUT,UN
OVV UN,OVV,UN
OXM UN,OXM,UN
OXSQ UQ,OXSQ,UQ
OZK UQ,OZK,UQ
PAA UQ,PAA,UQ
PACB UQ,PACB,UQ
PACW UQ,PACW,UQ
PAG UN,PAG,UN
PAGP UQ,PAGP,UQ
PAHC UQ,PAHC,UQ
PAR UN,PAR,UN
PARR UN,PARR,UN
PATK UQ,PATK,UQ
PAYC UN,PAYC,UN
PAYS UR,PAYS,UR
PAYX UQ,PAYX,UQ
PB UN,PB,UN
PBA UN,PBA,UN
PBCT UQ,PBCT,UQ
PBF UN,PBF,UN
PBFX UN,PBFX,UN
PBH UN,PBH,UN
PBI UN,PBI,UN
PBPB UQ,PBPB,UQ
PBT UN,PBT,UN
PBYI UQ,PBYI,UQ
PCAR UQ,PCAR,UQ
PCEF UP,PCEF,UP
PCH UQ,PCH,UQ
PCOM UR,PCOM,UR
PCRX UQ,PCRX,UQ
PCSB UR,PCSB,UR
PCTI UQ,PCTI,UQ
PCTY UQ,PCTY,UQ
PCY UP,PCY,UP
PCYG UR,PCYG,UR
PCYO UR,PCYO,UR
PD UN,PD,UN
PDBC UQ,PDBC,UQ
PDCE UQ,PDCE,UQ
PDCO UQ,PDCO,UQ
PDFS UQ,PDFS,UQ
PDM UN,PDM,UN
PDP UQ,PDP,UQ
PDS UN,PDS,UN
PDSB UR,PDSB,UR
PEAK UN,PEAK,UN
PEB UN,PEB,UN
PEBO UQ,PEBO,UQ
PEG UN,PEG,UN
PEGA UQ,PEGA,UQ
PEI UN,PEI,UN
PEN UN,PEN,UN
PENN UQ,PENN,UQ
PEO UN,PEO,UN
PERI UQ,PERI,UQ
PESI UR,PESI,UR
PETQ UQ,PETQ,UQ
PETS UQ,PETS,UQ
PEY UQ,PEY,UQ
PEZ UQ,PEZ,UQ
PFBC UQ,PFBC,UQ
PFF UQ,PFF,UQ
PFG UQ,PFG,UQ
PFGC UN,PFGC,UN
PFIE UR,PFIE,UR
PFLT UQ,PFLT,UQ
PFM UQ,PFM,UQ
PFMT UQ,PFMT,UQ
PFPT UQ,PFPT,UQ
PFS UN,PFS,UN
PFSI UN,PFSI,UN
PFSW UR,PFSW,UR
PGC UQ,PGC,UQ
PGF UP,PGF,UP
PGJ UQ,PGJ,UQ
PGNY UQ,PGNY,UQ
PGR UN,PGR,UN
PGRE UN,PGRE,UN
PGTI UN,PGTI,UN
PGX UP,PGX,UP
PH UN,PH,UN
PHB UP,PHB,UP
PHDG UP,PHDG,UP
PHI UN,PHI,UN
PHM UN,PHM,UN
PHO UQ,PHO,UQ
PHX UN,PHX,UN
PI UQ,PI,UQ
PICK UF,PICK,UF
PID UQ,PID,UQ
PIE UQ,PIE,UQ
PII UN,PII,UN
PIN UP,PIN,UP
PINC UQ,PINC,UQ
PING UN,PING,UN
PIRS UR,PIRS,UR
PIZ UQ,PIZ,UQ
PJP UP,PJP,UP
PJT UN,PJT,UN
PK UN,PK,UN
PKE UN,PKE,UN
PKG UN,PKG,UN
PKI UN,PKI,UN
PKOH UQ,PKOH,UQ
PKW UQ,PKW,UQ
PLAB UQ,PLAB,UQ
PLAN UN,PLAN,UN
PLAY UQ,PLAY,UQ
PLCE UQ,PLCE,UQ
PLG UA,PLG,UA
PLL UR,PLL,UR
PLMR UQ,PLMR,UQ
PLNT UN,PLNT,UN
PLOW UN,PLOW,UN
PLSE UR,PLSE,UR
PLT UN,PLT,UN
PLTM UP,PLTM,UP
PLUS UQ,PLUS,UQ
PLX UA,PLX,UA
PLXS UQ,PLXS,UQ
PLYA UQ,PLYA,UQ
PMT UN,PMT,UN
PMTS UV,PMTS,UV
PNC UN,PNC,UN
PNFP UQ,PNFP,UQ
PNM UN,PNM,UN
PNNT UQ,PNNT,UQ
PNQI UQ,PNQI,UQ
PNR UN,PNR,UN
PNTG UQ,PNTG,UQ
PNW UN,PNW,UN
PODD UQ,PODD,UQ
POOL UQ,POOL,UQ
POR UN,POR,UN
POST UN,POST,UN
POTX UQ,POTX,UQ
POWI UQ,POWI,UQ
POWL UQ,POWL,UQ
PPA UP,PPA,UP
PPBI UQ,PPBI,UQ
PPC UQ,PPC,UQ
PPD UQ,PPD,UQ
PPG UN,PPG,UN
PPH UQ,PPH,UQ
PPL UN,PPL,UN
PQG UN,PQG,UN
PRA UN,PRA,UN
PRAA UQ,PRAA,UQ
PRAH UQ,PRAH,UQ
PRF UP,PRF,UP
PRFT UQ,PRFT,UQ
PRFZ UQ,PRFZ,UQ
PRGO UN,PRGO,UN
PRGS UQ,PRGS,UQ
PRI UN,PRI,UN
PRIM UQ,PRIM,UQ
PRK UA,PRK,UA
PRKR UV,PRKR,UV
PRLB UN,PRLB,UN
PRMW UN,PRMW,UN
PRN UQ,PRN,UQ
PRO UN,PRO,UN
PRQR UQ,PRQR,UQ
PRSP UN,PRSP,UN
PRTA UQ,PRTA,UQ
PRTK UQ,PRTK,UQ
PRTY UN,PRTY,UN
PRVB UQ,PRVB,UQ
PSB UN,PSB,UN
PSCH UQ,PSCH,UQ
PSEC UQ,PSEC,UQ
PSL UQ,PSL,UQ
PSMT UQ,PSMT,UQ
PSN UN,PSN,UN
PSNL UQ,PSNL,UQ
PSO UN,PSO,UN
PSP UP,PSP,UP
PSQ UP,PSQ,UP
PST UP,PST,UP
PSTI UQ,PSTI,UQ
PSXP UN,PSXP,UN
PTC UQ,PTC,UQ
PTCT UQ,PTCT,UQ
PTE UR,PTE,UR
PTEN UQ,PTEN,UQ
PTF UQ,PTF,UQ
PTH UQ,PTH,UQ
PTLC UF,PTLC,UF
PTMN UQ,PTMN,UQ
PULM UR,PULM,UR
PUMP UN,PUMP,UN
PVAC UQ,PVAC,UQ
PVG UN,PVG,UN
PVL UN,PVL,UN
PWFL UQ,PWFL,UQ
PWR UN,PWR,UN
PXH UP,PXH,UP
PXI UQ,PXI,UQ
PXJ UP,PXJ,UP
PXLW UQ,PXLW,UQ
PZA UP,PZA,UP
PZN UN,PZN,UN
PZZA UQ,PZZA,UQ
QABA UQ,QABA,UQ
QADA UQ,QADA,UQ
QCRH UQ,QCRH,UQ
QDEL UQ,QDEL,UQ
QGEN UN,QGEN,UN
QID UP,QID,UP
QLD UP,QLD,UP
QLYS UQ,QLYS,UQ
QMCO UQ,QMCO,UQ
QNST UQ,QNST,UQ
QQEW UQ,QQEW,UQ
QQQE UP,QQQE,UP
QRTEA UQ,QRTEA,UQ
QRVO UQ,QRVO,UQ
QTEC UQ,QTEC,UQ
QTNT UQ,QTNT,UQ
QTS UN,QTS,UN
QTT UQ,QTT,UQ
QTWO UN,QTWO,UN
QUAD UN,QUAD,UN
QUIK UR,QUIK,UR
QUMU UR,QUMU,UR
QUOT UN,QUOT,UN
QURE UQ,QURE,UQ
QYLD UQ,QYLD,UQ
R UN,R,UN
RAD UN,RAD,UN
RADA UR,RADA,UR
RAIL UQ,RAIL,UQ
RAMP UN,RAMP,UN
RARE UQ,RARE,UQ
RAVE UR,RAVE,UR
RAVN UQ,RAVN,UQ
RBA UN,RBA,UN
RBBN UQ,RBBN,UQ
RBC UN,RBC,UN
RBCAA UQ,RBCAA,UQ
RBCN UR,RBCN,UR
RBLX UN,RBLX,UN
RC UN,RC,UN
RCI UN,RCI,UN
RCII UQ,RCII,UQ
RCKT UQ,RCKT,UQ
RCL UN,RCL,UN
RCM UQ,RCM,UQ
RCMT UQ,RCMT,UQ
RCPI UR,RCPI,UR
RCUS UN,RCUS,UN
RDFN UQ,RDFN,UQ
RDHL UQ,RDHL,UQ
RDI UR,RDI,UR
RDN UN,RDN,UN
RDNT UQ,RDNT,UQ
RDUS UQ,RDUS,UQ
RDWR UQ,RDWR,UQ
RE UN,RE,UN
REDU UQ,REDU,UQ
REED UR,REED,UR
REFR UR,REFR,UR
REG UQ,REG,UQ
REGI UQ,REGI,UQ
REGL UF,REGL,UF
REI UA,REI,UA
REK UP,REK,UP
RELL UQ,RELL,UQ
REM UF,REM,UF
REMX UP,REMX,UP
REPH UR,REPH,UR
RES UN,RES,UN
RESN UR,RESN,UR
RETA UQ,RETA,UQ
RETL UP,RETL,UP
REV UN,REV,UN
REVG UN,REVG,UN
REW UP,REW,UP
REXR UN,REXR,UN
REZ UP,REZ,UP
RFIL UQ,RFIL,UQ
RFL UN,RFL,UN
RFP UN,RFP,UN
RGA UN,RGA,UN
RGEN UQ,RGEN,UQ
RGLD UQ,RGLD,UQ
RGLS UR,RGLS,UR
RGNX UQ,RGNX,UQ
RGR UN,RGR,UN
RGS UN,RGS,UN
RHE UA,RHE,UA
RHI UN,RHI,UN
RHP UN,RHP,UN
RICE UN,RICE,UN
RICK UQ,RICK,UQ
RIDE UQ,RIDE,UQ
RIG UN,RIG,UN
RIGL UQ,RIGL,UQ
RILY UQ,RILY,UQ
RINF UP,RINF,UP
RING UQ,RING,UQ
RIOT UR,RIOT,UR
RJA UP,RJA,UP
RJF UN,RJF,UN
RJI UP,RJI,UP
RJN UP,RJN,UP
RKT UN,RKT,UN
RLGT UA,RLGT,UA
RLGY UN,RLGY,UN
RLI UN,RLI,UN
RLJ UN,RLJ,UN
RLMD UQ,RLMD,UQ
RM UN,RM,UN
RMAX UN,RMAX,UN
RMBS UQ,RMBS,UQ
RMD UN,RMD,UN
RMTI UQ,RMTI,UQ
RNET UQ,RNET,UQ
RNG UN,RNG,UN
RNR UN,RNR,UN
RNST UQ,RNST,UQ
RNWK UQ,RNWK,UQ
ROAD UQ,ROAD,UQ
ROCK UQ,ROCK,UQ
ROIC UQ,ROIC,UQ
ROL UN,ROL,UN
ROLL UQ,ROLL,UQ
ROM UP,ROM,UP
ROOT UQ,ROOT,UQ
ROP UN,ROP,UN
ROST UQ,ROST,UQ
ROYL UV,ROYL,UV
RPAI UN,RPAI,UN
RPD UQ,RPD,UQ
RPG UP,RPG,UP
RPM UN,RPM,UN
RPRX UQ,RPRX,UQ
RPT UN,RPT,UN
RPV UP,RPV,UP
RRC UN,RRC,UN
RRD UN,RRD,UN
RRGB UQ,RRGB,UQ
RRR UQ,RRR,UQ
RRTS UV,RRTS,UV
RS UN,RS,UN
RTH UQ,RTH,UQ
RTLR UQ,RTLR,UQ
RUBY UQ,RUBY,UQ
RUN UQ,RUN,UQ
RUSHA UQ,RUSHA,UQ
RUSL UP,RUSL,UP
RUTH UQ,RUTH,UQ
RVLV UN,RVLV,UN
RVNC UQ,RVNC,UQ
RVSB UQ,RVSB,UQ
RWJ UP,RWJ,UP
RWK UP,RWK,UP
RWL UP,RWL,UP
RWM UP,RWM,UP
RWR UP,RWR,UP
RWT UN,RWT,UN
RWX UP,RWX,UP
RXDX UQ,RXDX,UQ
RXN UN,RXN,UN
RXT UQ,RXT,UQ
RYAM UN,RYAM,UN
RYB UN,RYB,UN
RYH UP,RYH,UP
RYI UN,RYI,UN
RYN UN,RYN,UN
RYTM UQ,RYTM,UQ
SA UN,SA,UN
SAA UP,SAA,UP
SABR UQ,SABR,UQ
SAFE UN,SAFE,UN
SAFM UQ,SAFM,UQ
SAFT UQ,SAFT,UQ
SAGE UQ,SAGE,UQ
SAH UN,SAH,UN
SAIA UQ,SAIA,UQ
SAIC UN,SAIC,UN
SAIL UN,SAIL,UN
SALM UQ,SALM,UQ
SAM UN,SAM,UN
SANM UQ,SANM,UQ
SANW UR,SANW,UR
SASR UQ,SASR,UQ
SB UN,SB,UN
SBAC UQ,SBAC,UQ
SBCF UQ,SBCF,UQ
SBGI UQ,SBGI,UQ
SBH UN,SBH,UN
SBIO UP,SBIO,UP
SBLK UQ,SBLK,UQ
SBNY UQ,SBNY,UQ
SBRA UQ,SBRA,UQ
SBSI UQ,SBSI,UQ
SC UN,SC,UN
SCHA UP,SCHA,UP
SCHB UP,SCHB,UP
SCHC UP,SCHC,UP
SCHD UP,SCHD,UP
SCHE UP,SCHE,UP
SCHF UP,SCHF,UP
SCHG UP,SCHG,UP
SCHH UP,SCHH,UP
SCHL UQ,SCHL,UQ
SCHM UP,SCHM,UP
SCHN UQ,SCHN,UQ
SCHV UP,SCHV,UP
SCHX UP,SCHX,UP
SCJ UP,SCJ,UP
SCL UN,SCL,UN
SCM UN,SCM,UN
SCO UP,SCO,UP
SCON UV,SCON,UV
SCOR UQ,SCOR,UQ
SCPL UQ,SCPL,UQ
SCS UN,SCS,UN
SCSC UQ,SCSC,UQ
SCU UN,SCU,UN
SCVL UQ,SCVL,UQ
SCWX UQ,SCWX,UQ
SCYX UQ,SCYX,UQ
SCZ UQ,SCZ,UQ
SD UN,SD,UN
SDC UQ,SDC,UQ
SDGR UQ,SDGR,UQ
SDIV UP,SDIV,UP
SDOW UP,SDOW,UP
SDS UP,SDS,UP
SDTTU UV,SDTTU,UV
SDY UP,SDY,UP
SEAC UQ,SEAC,UQ
SEAS UN,SEAS,UN
SECO UQ,SECO,UQ
SEE UN,SEE,UN
SEED UR,SEED,UR
SEF UP,SEF,UP
SEIC UQ,SEIC,UQ
SELB UQ,SELB,UQ
SEM UN,SEM,UN
SENS UA,SENS,UA
SESN UQ,SESN,UQ
SF UN,SF,UN
SFBS UQ,SFBS,UQ
SFE UN,SFE,UN
SFIX UQ,SFIX,UQ
SFL UN,SFL,UN
SFNC UQ,SFNC,UQ
SFY UP,SFY,UP
SGC UQ,SGC,UQ
SGEN UQ,SGEN,UQ
SGG UP,SGG,UP
SGGFF UV,SGGFF,UV
SGMO UQ,SGMO,UQ
SGMS UQ,SGMS,UQ
SGOL UP,SGOL,UP
SGRY UQ,SGRY,UQ
SGU UN,SGU,UN
SH UP,SH,UP
SHEN UQ,SHEN,UQ
SHLDQ UV,SHLDQ,UV
SHLX UN,SHLX,UN
SHO UN,SHO,UN
SHOO UQ,SHOO,UQ
SHV UQ,SHV,UQ
SHW UN,SHW,UN
SHYG UP,SHYG,UP
SIBN UQ,SIBN,UQ
SIEN UQ,SIEN,UQ
SIG UN,SIG,UN
SIGA UQ,SIGA,UQ
SIGI UQ,SIGI,UQ
SIL UP,SIL,UP
SILC UQ,SILC,UQ
SILJ UP,SILJ,UP
SILK UQ,SILK,UQ
SILV UA,SILV,UA
SIRI UQ,SIRI,UQ
SITC UN,SITC,UN
SITE UN,SITE,UN
SIVB UQ,SIVB,UQ
SIVR UP,SIVR,UP
SIX UN,SIX,UN
SIZE UP,SIZE,UP
SJB UP,SJB,UP
SJI UN,SJI,UN
SJM UN,SJM,UN
SJNK UP,SJNK,UP
SJR UN,SJR,UN
SJT UN,SJT,UN
SJW UN,SJW,UN
SKF UP,SKF,UP
SKT UN,SKT,UN
SKYW UQ,SKYW,UQ
SKYY UQ,SKYY,UQ
SLAB UQ,SLAB,UQ
SLDB UQ,SLDB,UQ
SLF UN,SLF,UN
SLG UN,SLG,UN
SLGN UQ,SLGN,UQ
SLM UQ,SLM,UQ
SLP UR,SLP,UR
SLRC UQ,SLRC,UQ
SLRX UR,SLRX,UR
SLS UR,SLS,UR
SLX UP,SLX,UP
SMAR UN,SMAR,UN
SMCI UQ,SMCI,UQ
SMDV UF,SMDV,UF
SMED UR,SMED,UR
SMG UN,SMG,UN
SMHI UN,SMHI,UN
SMLP UN,SMLP,UN
SMMT UQ,SMMT,UQ
SMN UP,SMN,UP
SMOG UP,SMOG,UP
SMP UN,SMP,UN
SMPL UR,SMPL,UR
SMSI UR,SMSI,UR
SMTC UQ,SMTC,UQ
SNA UN,SNA,UN
SNBR UQ,SNBR,UQ
SNCR UQ,SNCR,UQ
SND UQ,SND,UQ
SNDL UR,SNDL,UR
SNDR UN,SNDR,UN
SNDX UQ,SNDX,UQ
SNLN UQ,SNLN,UQ
SNR UN,SNR,UN
SNV UN,SNV,UN
SNX UN,SNX,UN
SOCL UQ,SOCL,UQ
SOGO UN,SOGO,UN
SOI UN,SOI,UN
SOLO UR,SOLO,UR
SON UN,SON,UN
SONO UQ,SONO,UQ
SOXL UP,SOXL,UP
SOXS UP,SOXS,UP
SOYB UP,SOYB,UP
SP UQ,SP,UQ
SPB UN,SPB,UN
SPCE UN,SPCE,UN
SPDN UP,SPDN,UP
SPDW UP,SPDW,UP
SPEM UP,SPEM,UP
SPEU UP,SPEU,UP
SPGI UN,SPGI,UN
SPHB UP,SPHB,UP
SPHD UP,SPHD,UP
SPHQ UP,SPHQ,UP
SPHS UV,SPHS,UV
SPMO UP,SPMO,UP
SPNE UQ,SPNE,UQ
SPNS UQ,SPNS,UQ
SPOK UQ,SPOK,UQ
SPPI UQ,SPPI,UQ
SPRO UQ,SPRO,UQ
SPRT UR,SPRT,UR
SPSC UQ,SPSC,UQ
SPSM UP,SPSM,UP
SPTN UQ,SPTN,UQ
SPWH UQ,SPWH,UQ
SPWR UQ,SPWR,UQ
SPXC UN,SPXC,UN
SPXL UP,SPXL,UP
SPXS UP,SPXS,UP
SPXU UP,SPXU,UP
SPYG UP,SPYG,UP
SPYV UP,SPYV,UP
SQBG UR,SQBG,UR
SQNS UN,SQNS,UN
SQQQ UQ,SQQQ,UQ
SR UN,SR,UN
SRAX UR,SRAX,UR
SRC UN,SRC,UN
SRCE UQ,SRCE,UQ
SRCL UQ,SRCL,UQ
SRDX UQ,SRDX,UQ
SRE UN,SRE,UN
SREV UQ,SREV,UQ
SRI UN,SRI,UN
SRL UN,SRL,UN
SRLP UN,SRLP,UN
SRNE UR,SRNE,UR
SRPT UQ,SRPT,UQ
SRRA UQ,SRRA,UQ
SRS UP,SRS,UP
SRT UN,SRT,UN
SRTY UP,SRTY,UP
SSB UQ,SSB,UQ
SSD UN,SSD,UN
SSG UP,SSG,UP
SSNC UQ,SSNC,UQ
SSO UP,SSO,UP
SSP UQ,SSP,UQ
SSRM UQ,SSRM,UQ
SSSS UR,SSSS,UR
SSTK UN,SSTK,UN
SSYS UQ,SSYS,UQ
STAA UQ,STAA,UQ
STAG UN,STAG,UN
STAR UN,STAR,UN
STAY UQ,STAY,UQ
STBA UQ,STBA,UQ
STC UN,STC,UN
STCN UR,STCN,UR
STFC UQ,STFC,UQ
STKL UQ,STKL,UQ
STL UN,STL,UN
STLD UQ,STLD,UQ
STMP UQ,STMP,UQ
STNG UN,STNG,UN
STON UN,STON,UN
STOR UN,STOR,UN
STRA UQ,STRA,UQ
STRI UV,STRI,UV
STRL UQ,STRL,UQ
STRM UR,STRM,UR
STRO UQ,STRO,UQ
STWD UN,STWD,UN
STXS UA,STXS,UA
SUI UN,SUI,UN
SUM UN,SUM,UN
SUMO UQ,SUMO,UQ
SUN UN,SUN,UN
SUNS UQ,SUNS,UQ
SUNW UR,SUNW,UR
SUP UN,SUP,UN
SUPN UQ,SUPN,UQ
SUPV UN,SUPV,UN
SURG UV,SURG,UV
SUSL UQ,SUSL,UQ
SUZ UN,SUZ,UN
SVA UQ,SVA,UQ
SVC UQ,SVC,UQ
SVM UA,SVM,UA
SVMK UQ,SVMK,UQ
SVRA UQ,SVRA,UQ
SVVC UQ,SVVC,UQ
SWCH UN,SWCH,UN
SWI UN,SWI,UN
SWIR UQ,SWIR,UQ
SWK UN,SWK,UN
SWM UN,SWM,UN
SWX UN,SWX,UN
SXC UN,SXC,UN
SXI UN,SXI,UN
SXT UN,SXT,UN
SY UQ,SY,UQ
SYBT UQ,SYBT,UQ
SYBX UQ,SYBX,UQ
SYKE UQ,SYKE,UQ
SYNA UQ,SYNA,UQ
SYNH UQ,SYNH,UQ
SYNL UQ,SYNL,UQ
SYPR UQ,SYPR,UQ
SYRS UQ,SYRS,UQ
SYX UN,SYX,UN
TA UQ,TA,UQ
TACO UR,TACO,UR
TACT UQ,TACT,UQ
TAK UN,TAK,UN
TALO UN,TALO,UN
TAN UP,TAN,UP
TAP UN,TAP,UN
TARO UN,TARO,UN
TAST UQ,TAST,UQ
TBBK UQ,TBBK,UQ
TBF UP,TBF,UP
TBI UN,TBI,UN
TBK UQ,TBK,UQ
TBNK UQ,TBNK,UQ
TBPH UQ,TBPH,UQ
TBT UP,TBT,UP
TC UR,TC,UR
TCBI UQ,TCBI,UQ
TCBK UQ,TCBK,UQ
TCDA UQ,TCDA,UQ
TCF UQ,TCF,UQ
TCMD UQ,TCMD,UQ
TCPC UQ,TCPC,UQ
TCS UN,TCS,UN
TCX UR,TCX,UR
TDG UN,TDG,UN
TDIV UQ,TDIV,UQ
TDS UN,TDS,UN
TDW UN,TDW,UN
TDY UN,TDY,UN
TECH UQ,TECH,UQ
TECL UP,TECL,UP
TECS UP,TECS,UP
TELL UR,TELL,UR
TENB UQ,TENB,UQ
TENX UR,TENX,UR
TER UQ,TER,UQ
TEUM UV,TEUM,UV
TEX UN,TEX,UN
TFC UN,TFC,UN
TFSL UQ,TFSL,UQ
TFX UN,TFX,UN
TG UN,TG,UN
TGA UR,TGA,UR
TGB UA,TGB,UA
TGH UN,TGH,UN
TGI UN,TGI,UN
TGNA UN,TGNA,UN
TGP UN,TGP,UN
TGS UN,TGS,UN
TGTX UR,TGTX,UR
THC UN,THC,UN
THCX UP,THCX,UP
THFF UQ,THFF,UQ
THG UN,THG,UN
THM UA,THM,UA
THO UN,THO,UN
THR UN,THR,UN
THRM UQ,THRM,UQ
THS UN,THS,UN
TIIAY UV,TIIAY,UV
TILE UQ,TILE,UQ
TISI UN,TISI,UN
TITN UQ,TITN,UQ
TK UN,TK,UN
TKR UN,TKR,UN
TLGT UQ,TLGT,UQ
TLH UP,TLH,UP
TLND UQ,TLND,UQ
TLOG UV,TLOG,UV
TLYS UN,TLYS,UN
TMF UP,TMF,UP
TMHC UN,TMHC,UN
TMP UA,TMP,UA
TMQ UA,TMQ,UA
TMST UN,TMST,UN
TMV UP,TMV,UP
TNA UP,TNA,UP
TNC UN,TNC,UN
TNDM UQ,TNDM,UQ
TNK UN,TNK,UN
TNP UN,TNP,UN
TNXP UQ,TNXP,UQ
TOL UN,TOL,UN
TOUR UQ,TOUR,UQ
TOWN UQ,TOWN,UQ
TPB UN,TPB,UN
TPC UN,TPC,UN
TPCO UQ,TPCO,UQ
TPH UN,TPH,UN
TPIC UQ,TPIC,UQ
TPL UN,TPL,UN
TPTX UQ,TPTX,UQ
TPVG UN,TPVG,UN
TPX UN,TPX,UN
TQQQ UQ,TQQQ,UQ
TR UN,TR,UN
TRC UN,TRC,UN
TREC UN,TREC,UN
TREE UQ,TREE,UQ
TREX UN,TREX,UN
TRGP UN,TRGP,UN
TRHC UQ,TRHC,UQ
TRIB UQ,TRIB,UQ
TRIL UR,TRIL,UR
TRMB UQ,TRMB,UQ
TRMK UQ,TRMK,UQ
TRNO UN,TRNO,UN
TRNX UV,TRNX,UV
TROW UQ,TROW,UQ
TROX UN,TROX,UN
TRP UN,TRP,UN
TRQ UN,TRQ,UN
TRS UQ,TRS,UQ
TRST UQ,TRST,UQ
TRTN UN,TRTN,UN
TRTX UN,TRTX,UN
TRU UN,TRU,UN
TRUP UQ,TRUP,UQ
TRVN UR,TRVN,UR
TRX UA,TRX,UA
TSE UN,TSE,UN
TSEM UQ,TSEM,UQ
TSLX UN,TSLX,UN
TSQ UN,TSQ,UN
TTC UN,TTC,UN
TTD UQ,TTD,UQ
TTEC UQ,TTEC,UQ
TTEK UQ,TTEK,UQ
TTGT UQ,TTGT,UQ
TTI UN,TTI,UN
TTMI UQ,TTMI,UQ
TTNP UR,TTNP,UR
TTOO UQ,TTOO,UQ
TTSH UV,TTSH,UV
TTT UP,TTT,UP
TTWO UQ,TTWO,UQ
TUFN UN,TUFN,UN
TUP UN,TUP,UN
TURN UQ,TURN,UQ
TVTY UQ,TVTY,UQ
TW UQ,TW,UQ
TWER UV,TWER,UV
TWI UN,TWI,UN
TWIN UQ,TWIN,UQ
TWLO UN,TWLO,UN
TWM UP,TWM,UP
TWNK UR,TWNK,UR
TWO UN,TWO,UN
TWOU UQ,TWOU,UQ
TWST UQ,TWST,UQ
TXG UQ,TXG,UQ
TXMD UQ,TXMD,UQ
TXRH UQ,TXRH,UQ
TXT UN,TXT,UN
TYD UP,TYD,UP
TYL UN,TYL,UN
TYO UP,TYO,UP
TZA UP,TZA,UP
TZOO UQ,TZOO,UQ
UAMY UA,UAMY,UA
UAN UN,UAN,UN
UBA UN,UBA,UN
UBSI UQ,UBSI,UQ
UBT UP,UBT,UP
UBX UQ,UBX,UQ
UCBI UQ,UCBI,UQ
UCO UP,UCO,UP
UCTT UQ,UCTT,UQ
UDN UP,UDN,UP
UDOW UP,UDOW,UP
UDR UN,UDR,UN
UE UN,UE,UN
UEC UA,UEC,UA
UEIC UQ,UEIC,UQ
UEPS UQ,UEPS,UQ
UFCS UQ,UFCS,UQ
UFI UN,UFI,UN
UFPI UQ,UFPI,UQ
UFS UN,UFS,UN
UGA UP,UGA,UP
UGI UN,UGI,UN
UGL UP,UGL,UP
UHAL UQ,UHAL,UQ
UHS UN,UHS,UN
UHT UN,UHT,UN
UI UN,UI,UN
UIHC UR,UIHC,UR
UIS UN,UIS,UN
ULBI UQ,ULBI,UQ
ULE UP,ULE,UP
UMBF UQ,UMBF,UQ
UMDD UP,UMDD,UP
UMH UN,UMH,UN
UMPQ UQ,UMPQ,UQ
UNF UN,UNF,UN
UNFI UN,UNFI,UN
UNG UP,UNG,UP
UNIT UQ,UNIT,UQ
UNL UP,UNL,UP
UNM UN,UNM,UN
UNXLQ UV,UNXLQ,UV
UONEK UR,UONEK,UR
UPLD UQ,UPLD,UQ
UPRO UP,UPRO,UP
UPST UQ,UPST,UQ
UPWK UQ,UPWK,UQ
URA UP,URA,UP
URBN UQ,URBN,UQ
URE UP,URE,UP
URI UN,URI,UN
URTY UP,URTY,UP
USAC UN,USAC,UN
USAK UQ,USAK,UQ
USAS UA,USAS,UA
USCR UQ,USCR,UQ
USD UP,USD,UP
USDP UN,USDP,UN
USDU UP,USDU,UP
USEG UR,USEG,UR
USFD UN,USFD,UN
USHY UF,USHY,UF
USL UP,USL,UP
USM UN,USM,UN
USMV UF,USMV,UF
USNA UN,USNA,UN
USO UP,USO,UP
USPH UN,USPH,UN
UST UP,UST,UP
UTHR UQ,UTHR,UQ
UTI UN,UTI,UN
UTL UN,UTL,UN
UTSI UQ,UTSI,UQ
UUUU UA,UUUU,UA
UVE UN,UVE,UN
UVSP UQ,UVSP,UQ
UVV UN,UVV,UN
UWM UP,UWM,UP
UXI UP,UXI,UP
UXIN UQ,UXIN,UQ
UYG UP,UYG,UP
UYM UP,UYM,UP
VAC UN,VAC,UN
VAW UP,VAW,UP
VB UP,VB,UP
VBIV UR,VBIV,UR
VBK UP,VBK,UP
VBLT UQ,VBLT,UQ
VBR UP,VBR,UP
VBTX UQ,VBTX,UQ
VC UQ,VC,UQ
VCEL UR,VCEL,UR
VCIT UQ,VCIT,UQ
VCLT UQ,VCLT,UQ
VCR UP,VCR,UP
VCRA UN,VCRA,UN
VCYT UQ,VCYT,UQ
VDC UP,VDC,UP
VDE UP,VDE,UP
VEA UP,VEA,UP
VEC UN,VEC,UN
VECO UQ,VECO,UQ
VEDL UN,VEDL,UN
VEEV UN,VEEV,UN
VEON UQ,VEON,UQ
VER UN,VER,UN
VERU UR,VERU,UR
VET UN,VET,UN
VEU UP,VEU,UP
VFF UR,VFF,UR
VFH UP,VFH,UP
VG UQ,VG,UQ
VGR UN,VGR,UN
VGT UP,VGT,UP
VGZ UA,VGZ,UA
VHC UN,VHC,UN
VHI UN,VHI,UN
VHT UP,VHT,UP
VIAC UQ,VIAC,UQ
VIACA UQ,VIACA,UQ
VIAV UQ,VIAV,UQ
VICI UN,VICI,UN
VICR UQ,VICR,UQ
VIEWF UV,VIEWF,UV
VIG UP,VIG,UP
VIRT UQ,VIRT,UQ
VIVE UR,VIVE,UR
VIVO UQ,VIVO,UQ
VIXM UF,VIXM,UF
VIXY UF,VIXY,UF
VJET UR,VJET,UR
VKTX UR,VKTX,UR
VLRS UN,VLRS,UN
VLY UQ,VLY,UQ
VMI UN,VMI,UN
VMW UN,VMW,UN
VNCE UN,VNCE,UN
VNDA UQ,VNDA,UQ
VNOM UQ,VNOM,UQ
VNQI UQ,VNQI,UQ
VNT UN,VNT,UN
VNTR UN,VNTR,UN
VO UP,VO,UP
VOC UN,VOC,UN
VOE UP,VOE,UP
VOLT UA,VOLT,UA
VONV UQ,VONV,UQ
VOT UP,VOT,UP
VOX UP,VOX,UP
VOXX UQ,VOXX,UQ
VOYA UN,VOYA,UN
VPG UN,VPG,UN
VPU UP,VPU,UP
VRA UQ,VRA,UQ
VRAY UQ,VRAY,UQ
VREX UQ,VREX,UQ
VRM UQ,VRM,UQ
VRNS UQ,VRNS,UQ
VRNT UQ,VRNT,UQ
VRP UP,VRP,UP
VRRM UR,VRRM,UR
VRS UN,VRS,UN
VRSK UQ,VRSK,UQ
VRSN UQ,VRSN,UQ
VRTS UQ,VRTS,UQ
VRTV UN,VRTV,UN
VSAT UQ,VSAT,UQ
VSH UN,VSH,UN
VSS UP,VSS,UP
VST UN,VST,UN
VSTM UQ,VSTM,UQ
VSTO UN,VSTO,UN
VT UP,VT,UP
VTI UP,VTI,UP
VTNR UR,VTNR,UR
VTR UN,VTR,UN
VTRS UQ,VTRS,UQ
VUG UP,VUG,UP
VUZI UR,VUZI,UR
VV UP,VV,UP
VVI UN,VVI,UN
VVV UN,VVV,UN
VXF UP,VXF,UP
VXRT UR,VXRT,UR
VXUS UQ,VXUS,UQ
VXZ UF,VXZ,UF
VYGR UQ,VYGR,UQ
W UN,W,UN
WAB UN,WAB,UN
WABC UQ,WABC,UQ
WAFD UQ,WAFD,UQ
WAL UN,WAL,UN
WASH UQ,WASH,UQ
WATT UR,WATT,UR
WBS UN,WBS,UN
WBT UN,WBT,UN
WCC UN,WCC,UN
WCN UN,WCN,UN
WD UN,WD,UN
WDC UQ,WDC,UQ
WDFC UQ,WDFC,UQ
WDR UN,WDR,UN
WEAT UP,WEAT,UP
WEC UN,WEC,UN
WEN UQ,WEN,UQ
WERN UQ,WERN,UQ
WES UN,WES,UN
WETF UQ,WETF,UQ
WEX UN,WEX,UN
WGO UN,WGO,UN
WH UN,WH,UN
WHD UN,WHD,UN
WHG UN,WHG,UN
WHR UN,WHR,UN
WHZT UV,WHZT,UV
WIFI UQ,WIFI,UQ
WING UQ,WING,UQ
WINT UR,WINT,UR
WIRE UQ,WIRE,UQ
WISH UQ,WISH,UQ
WIX UQ,WIX,UQ
WK UN,WK,UN
WLDN UQ,WLDN,UQ
WLK UN,WLK,UN
WLKP UN,WLKP,UN
WLTW UQ,WLTW,UQ
WMB UN,WMB,UN
WMC UN,WMC,UN
WMG UQ,WMG,UQ
WMS UN,WMS,UN
WNC UN,WNC,UN
WNEB UQ,WNEB,UQ
WOOD UQ,WOOD,UQ
WOOF UQ,WOOF,UQ
WOR UN,WOR,UN
WOW UN,WOW,UN
WPC UN,WPC,UN
WPG UN,WPG,UN
WPRT UQ,WPRT,UQ
WPS UP,WPS,UP
WRB UN,WRB,UN
WRE UN,WRE,UN
WRI UN,WRI,UN
WRK UN,WRK,UN
WRLD UQ,WRLD,UQ
WSBC UQ,WSBC,UQ
WSBF UQ,WSBF,UQ
WSC UR,WSC,UR
WSFS UQ,WSFS,UQ
WSM UN,WSM,UN
WSO UN,WSO,UN
WSR UN,WSR,UN
WST UN,WST,UN
WTBA UQ,WTBA,UQ
WTFC UQ,WTFC,UQ
WTI UN,WTI,UN
WTM UN,WTM,UN
WTRG UN,WTRG,UN
WTRH UQ,WTRH,UQ
WTS UN,WTS,UN
WTTR UN,WTTR,UN
WW UQ,WW,UQ
WWD UQ,WWD,UQ
WWE UN,WWE,UN
WWW UN,WWW,UN
WY UN,WY,UN
XAR UP,XAR,UP
XBIT UQ,XBIT,UQ
XEC UN,XEC,UN
XEL UQ,XEL,UQ
XENE UQ,XENE,UQ
XENT UQ,XENT,UQ
XERS UQ,XERS,UQ
XES UP,XES,UP
XHB UP,XHB,UP
XHE UP,XHE,UP
XHR UN,XHR,UN
XLB UP,XLB,UP
XLC UP,XLC,UP
XLI UP,XLI,UP
XLP UP,XLP,UP
XLRE UP,XLRE,UP
XLRN UQ,XLRN,UQ
XLY UP,XLY,UP
XMLV UP,XMLV,UP
XNCR UQ,XNCR,UQ
XNET UQ,XNET,UQ
XOG UQ,XOG,UQ
XOMA UQ,XOMA,UQ
XONE UQ,XONE,UQ
XPER UQ,XPER,UQ
XPH UP,XPH,UP
XPO UN,XPO,UN
XPP UP,XPP,UP
XRAY UQ,XRAY,UQ
XRT UP,XRT,UP
XRX UN,XRX,UN
XSD UP,XSD,UP
XSPA UR,XSPA,UR
XT UQ,XT,UQ
XXII UA,XXII,UA
Y UN,Y,UN
YANG UP,YANG,UP
YCBD UA,YCBD,UA
YCL UP,YCL,UP
YCS UP,YCS,UP
YELL UQ,YELL,UQ
YELP UN,YELP,UN
YETI UN,YETI,UN
YEXT UN,YEXT,UN
YINN UP,YINN,UP
YOLO UP,YOLO,UP
YORW UQ,YORW,UQ
YRD UN,YRD,UN
YTEN UR,YTEN,UR
YXI UP,YXI,UP
Z UQ,Z,UQ
ZAZA UV,ZAZA,UV
ZBH UN,ZBH,UN
ZBRA UQ,ZBRA,UQ
ZEN UN,ZEN,UN
ZEUS UQ,ZEUS,UQ
ZG UQ,ZG,UQ
ZGNX UQ,ZGNX,UQ
ZI UQ,ZI,UQ
ZION UQ,ZION,UQ
ZIOP UQ,ZIOP,UQ
ZIXI UQ,ZIXI,UQ
ZLAB UQ,ZLAB,UQ
ZNGA UQ,ZNGA,UQ
ZROZ UP,ZROZ,UP
ZSL UP,ZSL,UP
ZTS UN,ZTS,UN
ZUMZ UQ,ZUMZ,UQ
ZUO UN,ZUO,UN
ZVO UQ,ZVO,UQ
ZYME UN,ZYME,UN
ZYNE UQ,ZYNE,UQ
ZYXI UR,ZYXI,UR
IAEX NA,IAEX,NA
IBCI NA,IBCI,NA
IBGM NA,IBGM,NA
IDVY NA,IDVY,NA
IPRP NA,IPRP,NA
UNA NA,UNA,NA
RAND NA,RAND,NA
AKZA NA,AKZA,NA
HEIA NA,HEIA,NA
URW NA,URW,NA
GLPG NA,GLPG,NA
KPN NA,KPN,NA
PHIA NA,PHIA,NA
ASM NA,ASM,NA
INGA NA,INGA,NA
RDSA NA,RDSA,NA
ABN NA,ABN,NA
NN NA,NN,NA
PNL NA,PNL,NA
DSM NA,DSM,NA
AD NA,AD,NA
MT NA,MT,NA
AGN NA,AGN,NA
REN NA,REN,NA
SBMO NA,SBMO,NA
FUR NA,FUR,NA
WKL NA,WKL,NA
BOKA NA,BOKA,NA
CRBN NA,CRBN,NA
ATC NA,ATC,NA
ADYEN NA,ADYEN,NA
2800 HK,2800,HK
2801 HK,2801,HK
2822 HK,2822,HK
2823 HK,2823,HK
2828 HK,2828,HK
3010 HK,3010,HK
3188 HK,3188,HK
82822 HK,82822,HK
82823 HK,82823,HK
83188 HK,83188,HK
778 HK,778,HK
101 HK,101,HK
998 HK,998,HK
788 HK,788,HK
762 HK,762,HK
1313 HK,1313,HK
902 HK,902,HK
3311 HK,3311,HK
941 HK,941,HK
1071 HK,1071,HK
2202 HK,2202,HK
2318 HK,2318,HK
1099 HK,1099,HK
1928 HK,1928,HK
2208 HK,2208,HK
2333 HK,2333,HK
3328 HK,3328,HK
5 HK,5,HK
168 HK,168,HK
288 HK,288,HK
323 HK,323,HK
728 HK,728,HK
763 HK,763,HK
916 HK,916,HK
1088 HK,1088,HK
1958 HK,1958,HK
6881 HK,6881,HK
285 HK,285,HK
347 HK,347,HK
358 HK,358,HK
670 HK,670,HK
1211 HK,1211,HK
1398 HK,1398,HK
2009 HK,2009,HK
2196 HK,2196,HK
2238 HK,2238,HK
2600 HK,2600,HK
2628 HK,2628,HK
2899 HK,2899,HK
3969 HK,3969,HK
3993 HK,3993,HK
386 HK,386,HK
390 HK,390,HK
753 HK,753,HK
816 HK,816,HK
857 HK,857,HK
880 HK,880,HK
939 HK,939,HK
991 HK,991,HK
1055 HK,1055,HK
1138 HK,1138,HK
1186 HK,1186,HK
1288 HK,1288,HK
1336 HK,1336,HK
1766 HK,1766,HK
1798 HK,1798,HK
1800 HK,1800,HK
1816 HK,1816,HK
2282 HK,2282,HK
2601 HK,2601,HK
2883 HK,2883,HK
2888 HK,2888,HK
3606 HK,3606,HK
3968 HK,3968,HK
3988 HK,3988,HK
6030 HK,6030,HK
6837 HK,6837,HK
522 HK,522,HK
2777 HK,2777,HK
3323 HK,3323,HK
3888 HK,3888,HK
151 HK,151,HK
551 HK,551,HK
700 HK,700,HK
981 HK,981,HK
322 HK,322,HK
823 HK,823,HK
1093 HK,1093,HK
1177 HK,1177,HK
1810 HK,1810,HK
1910 HK,1910,HK
178 HK,178,HK
973 HK,973,HK
1317 HK,1317,HK
6068 HK,6068,HK
590 HK,590,HK
1929 HK,1929,HK
388 HK,388,HK
945 HK,945,HK
1128 HK,1128,HK
1347 HK,1347,HK
2018 HK,2018,HK
11 HK,11,HK
14 HK,14,HK
2778 HK,2778,HK
6823 HK,6823,HK
2 HK,2,HK
2020 HK,2020,HK
2689 HK,2689,HK
16 HK,16,HK
23 HK,23,HK
293 HK,293,HK
19 HK,19,HK
257 HK,257,HK
1038 HK,1038,HK
1972 HK,1972,HK
2269 HK,2269,HK
1 HK,1,HK
1112 HK,1112,HK
1966 HK,1966,HK
688 HK,688,HK
1044 HK,1044,HK
27 HK,27,HK
83 HK,83,HK
12 HK,12,HK
175 HK,175,HK
836 HK,836,HK
1818 HK,1818,HK
2001 HK,2001,HK
2331 HK,2331,HK
2313 HK,2313,HK
694 HK,694,HK
813 HK,813,HK
1114 HK,1114,HK
371 HK,371,HK
489 HK,489,HK
1066 HK,1066,HK
1169 HK,1169,HK
2319 HK,2319,HK
6808 HK,6808,HK
200 HK,200,HK
520 HK,520,HK
552 HK,552,HK
581 HK,581,HK
636 HK,636,HK
1515 HK,1515,HK
1628 HK,1628,HK
1918 HK,1918,HK
2388 HK,2388,HK
3800 HK,3800,HK
1212 HK,1212,HK
1997 HK,1997,HK
669 HK,669,HK
2038 HK,2038,HK
1316 HK,1316,HK
839 HK,839,HK
883 HK,883,HK
2328 HK,2328,HK
6 HK,6,HK
87001 HK,87001,HK
2638 HK,2638,HK
2383 HK,2383,HK
4 HK,4,HK
20 HK,20,HK
772 HK,772,HK
2314 HK,2314,HK
2382 HK,2382,HK
2386 HK,2386,HK
2588 HK,2588,HK
1109 HK,1109,HK
69 HK,69,HK
425 HK,425,HK
3377 HK,3377,HK
3383 HK,3383,HK
1193 HK,1193,HK
1299 HK,1299,HK
1337 HK,1337,HK
2007 HK,2007,HK
3900 HK,3900,HK
960 HK,960,HK
817 HK,817,HK
1813 HK,1813,HK
1113 HK,1113,HK
1913 HK,1913,HK
220 HK,220,HK
9988 HK,9988,HK
2359 HK,2359,HK
1833 HK,1833,HK
914 HK,914,HK
3690 HK,3690,HK
9618 HK,9618,HK
9999 HK,9999,HK
291 HK,291,HK
HLE GY,HLE,GY
SAP GY,SAP,GY
SOW GY,SOW,GY
BAS GY,BAS,GY
DAI GY,DAI,GY
KGX GY,KGX,GY
PUM GY,PUM,GY
WCH GY,WCH,GY
G1A GY,G1A,GY
MTX GY,MTX,GY
1COV GY,1COV,GY
DB1 GY,DB1,GY
FME GY,FME,GY
FRE GY,FRE,GY
KU2 GY,KU2,GY
QIA GY,QIA,GY
SY1 GY,SY1,GY
BAYN GY,BAYN,GY
DBK GY,DBK,GY
KRN GY,KRN,GY
RIB GY,RIB,GY
VOW GY,VOW,GY
VOW3 GY,VOW3,GY
CON GY,CON,GY
DPW GY,DPW,GY
IFX GY,IFX,GY
LIN GY,LIN,GY
OSR GY,OSR,GY
UN01 GY,UN01,GY
UTDI GY,UTDI,GY
DWNI GY,DWNI,GY
GBF GY,GBF,GY
LXS GY,LXS,GY
SAX GY,SAX,GY
HEN3 GY,HEN3,GY
MRK GY,MRK,GY
RWE GY,RWE,GY
LEG GY,LEG,GY
TKA GY,TKA,GY
B4B GY,B4B,GY
EOAN GY,EOAN,GY
O2D GY,O2D,GY
SHL GY,SHL,GY
BOSS GY,BOSS,GY
PFV GY,PFV,GY
SGL GY,SGL,GY
SHA GY,SHA,GY
VNA GY,VNA,GY
ADS GY,ADS,GY
BMW GY,BMW,GY
DLG GY,DLG,GY
HNR1 GY,HNR1,GY
RRTL GY,RRTL,GY
WDI GY,WDI,GY
CBK GY,CBK,GY
DEZ GY,DEZ,GY
DTE GY,DTE,GY
DUE GY,DUE,GY
G24 GY,G24,GY
HEI GY,HEI,GY
HOT GY,HOT,GY
LHA GY,LHA,GY
MUV2 GY,MUV2,GY
PSM GY,PSM,GY
SIE GY,SIE,GY
ALV GY,ALV,GY
CEC GY,CEC,GY
GXI GY,GXI,GY
BEI GY,BEI,GY
PAH3 GY,PAH3,GY
AEEM FP,AEEM,FP
AFLE FP,AFLE,FP
ASI FP,ASI,FP
AUEM FP,AUEM,FP
BNKE FP,BNKE,FP
C5E FP,C5E,FP
CAC FP,CAC,FP
CEU FP,CEU,FP
CU2 FP,CU2,FP
CV9 FP,CV9,FP
CW8 FP,CW8,FP
ECN FP,ECN,FP
EEA FP,EEA,FP
EEE FP,EEE,FP
ESD FP,ESD,FP
ESE FP,ESE,FP
ETDD FP,ETDD,FP
ETZ FP,ETZ,FP
EVOE FP,EVOE,FP
INFL FP,INFL,FP
INR FP,INR,FP
JPN FP,JPN,FP
MEU FP,MEU,FP
MFE FP,MFE,FP
MSE FP,MSE,FP
MTC FP,MTC,FP
MTI FP,MTI,FP
MTX FP,MTX,FP
NRAM FP,NRAM,FP
STN FP,STN,FP
STS FP,STS,FP
WAT FP,WAT,FP
WLD FP,WLD,FP
MC FP,MC,FP
BOL FP,BOL,FP
ICAD FP,ICAD,FP
BB FP,BB,FP
FTI FP,FTI,FP
DSY FP,DSY,FP
ELIS FP,ELIS,FP
SCR FP,SCR,FP
STM FP,STM,FP
SESG FP,SESG,FP
NK FP,NK,FP
ORA FP,ORA,FP
AIR FP,AIR,FP
AKE FP,AKE,FP
FP FP,FP,FP
SEV FP,SEV,FP
TFI FP,TFI,FP
UBI FP,UBI,FP
XFAB FP,XFAB,FP
AF FP,AF,FP
BNP FP,BNP,FP
RXL FP,RXL,FP
SAF FP,SAF,FP
SAN FP,SAN,FP
ILD FP,ILD,FP
EN FP,EN,FP
VK FP,VK,FP
CNP FP,CNP,FP
TRI FP,TRI,FP
RCO FP,RCO,FP
ALO FP,ALO,FP
GLE FP,GLE,FP
ENGI FP,ENGI,FP
KN FP,KN,FP
LR FP,LR,FP
SW FP,SW,FP
VIE FP,VIE,FP
ACA FP,ACA,FP
LI FP,LI,FP
ML FP,ML,FP
KER FP,KER,FP
ADP FP,ADP,FP
AI FP,AI,FP
CAP FP,CAP,FP
IPN FP,IPN,FP
POM FP,POM,FP
RI FP,RI,FP
RNO FP,RNO,FP
VIV FP,VIV,FP
EDF FP,EDF,FP
ETL FP,ETL,FP
EO FP,EO,FP
GFC FP,GFC,FP
WLN FP,WLN,FP
ATO FP,ATO,FP
AC FP,AC,FP
CS FP,CS,FP
FR FP,FR,FP
SGO FP,SGO,FP
SU FP,SU,FP
EDEN FP,EDEN,FP
SOP FP,SOP,FP
HO FP,HO,FP
UG FP,UG,FP
BIM FP,BIM,FP
BN FP,BN,FP
FGR FP,FGR,FP
FNAC FP,FNAC,FP
BVI FP,BVI,FP
CA FP,CA,FP
GET FP,GET,FP
SK FP,SK,FP
TEP FP,TEP,FP
DG FP,DG,FP
PUB FP,PUB,FP
OR FP,OR,FP
BLC FP,BLC,FP
CRI FP,CRI,FP
RF FP,RF,FP
RUI FP,RUI,FP
CO FP,CO,FP
MMB FP,MMB,FP
MF FP,MF,FP
RMS FP,RMS,FP
ORP FP,ORP,FP
ERF FP,ERF,FP
ABIO FP,ABIO,FP
DEC FP,DEC,FP
SPIE FP,SPIE,FP
LNA FP,LNA,FP
SCHP FP,SCHP,FP
COIN UQ,COIN,UQ
4063 JT,4063,JT
7267 JT,7267,JT
8306 JT,8306,JT
2651 JT,2651,JT
7741 JT,7741,JT
8604 JT,8604,JT
9201 JT,9201,JT
7752 JT,7752,JT
7203 JT,7203,JT
8411 JT,8411,JT
8316 JT,8316,JT
8750 JT,8750,JT
8795 JT,8795,JT
8766 JT,8766,JT
6762 JT,6762,JT
3436 JT,3436,JT
8031 JT,8031,JT
8058 JT,8058,JT
6752 JT,6752,JT
7011 JT,7011,JT
8002 JT,8002,JT
8001 JT,8001,JT
8053 JT,8053,JT
6702 JT,6702,JT
6723 JT,6723,JT
6301 JT,6301,JT
9433 JT,9433,JT
3382 JT,3382,JT
7261 JT,7261,JT
5202 JT,5202,JT
6758 JT,6758,JT
9983 JT,9983,JT
6501 JT,6501,JT
6098 JT,6098,JT
6146 JT,6146,JT
8035 JT,8035,JT
6857 JT,6857,JT
7270 JT,7270,JT
7202 JT,7202,JT
6902 JT,6902,JT
8802 JT,8802,JT
8801 JT,8801,JT
8830 JT,8830,JT
8804 JT,8804,JT
8601 JT,8601,JT
9009 JT,9009,JT
9007 JT,9007,JT
9008 JT,9008,JT
9044 JT,9044,JT
9001 JT,9001,JT
9003 JT,9003,JT
9041 JT,9041,JT
9006 JT,9006,JT
9048 JT,9048,JT
9020 JT,9020,JT
4186 JT,4186,JT
4185 JT,4185,JT
4755 JT,4755,JT
4568 JT,4568,JT
4502 JT,4502,JT
4527 JT,4527,JT
7735 JT,7735,JT
8022 JT,8022,JT
7867 JT,7867,JT
6861 JT,6861,JT
6920 JT,6920,JT
7012 JT,7012,JT
5331 JT,5331,JT
6419 JT,6419,JT
6592 JT,6592,JT
6954 JT,6954,JT
6367 JT,6367,JT
6981 JT,6981,JT
4901 JT,4901,JT
8697 JT,8697,JT
2269 JT,2269,JT
2503 JT,2503,JT
2502 JT,2502,JT
7013 JT,7013,JT
2914 JT,2914,JT
5333 JT,5333,JT
5332 JT,5332,JT
4927 JT,4927,JT
4911 JT,4911,JT
6506 JT,6506,JT
7839 JT,7839,JT
3923 JT,3923,JT
4452 JT,4452,JT
ONON UN,ONON,UN
IONQ UN,IONQ,UN
4912 JT,4912,JT
4004 JT,4004,JT
7201 JT,7201,JT
TLN UQ,TLN,UQ
CEG UQ,CEG,UQ
SMR UN,SMR,UN
LEU US,LEU,US
SERV UQ,SERV,UQ
SOFI UQ,SOFI,UQ
CHT UN,CHT,UN
WOLF UN,WOLF,UN
VRT UN,VRT,UN
VIST UN,VIST,UN
8253 JT,8253,JT
4578 JT,4578,JT
NVO UN,NVO,UN
HOOD UQ,HOOD,UQ
DUOL UQ,DUOL,UQ
6503 JT,6503,JT
GFI UN,GFI,UN
5802 JT,5802,JT
6525 JT,6525,JT
CRCL UN,CRCL,UN
ALAB UQ,ALAB,UQ
5803 JT,5803,JT
SOUN UQ,SOUN,UQ
NU UN,NU,UN
MP UN,MP,UN
OKLO UN,OKLO,UN
8085 JT,8085,JT
NLR UP,NLR,UP
NMR UN,NMR,UN
QUBT UR,QUBT,UR
TEM UQ,TEM,UQ
HIMS UN,HIMS,UN
2127 JT,2127,JT
7729 JT,7729,JT
CRWV UQ,CRWV,UQ
CRDO UQ,CRDO,UQ
NBIS UQ,NBIS,UQ
FIG UN,FIG,UN
9432 JT,9432,JT
CFLT UQ,CFLT,UQ
CPNG UN,CPNG,UN
2107 JT,2107,JT
7964 JT,7964,JT
GEV UN,GEV,UN
6946 JT,6946,JT
4403 JT,4403,JT
5108 JT,5108,JT
5713 JT,5713,JT
6770 JT,6770,JT
9502 JT,9502,JT
9503 JT,9503,JT
9531 JT,9531,JT
9532 JT,9532,JT
RKLB UQ,RKLB,UQ
SNDK UQ,SNDK,UQ
AEM UN,AEM,UN
TKO UN,TKO,UN
IREN UQ,IREN,UQ
PSKY UQ,PSKY,UQ
SPCX UQ,SPCX,UQ
DXYZ UN,DXYZ,UN
ASTS UQ,ASTS,UQ
XOVR UQ,XOVR,UQ
RONB UN,RONB,UN
EWY UP,EWY,UP
ASX UN,ASX,UN
SKHY UQ,SKHY,UQ
285A JT,285A,JT
GFS UQ,GFS,UQ
WPM UN,WPM,UN
